legacy_id,titulo,modalidad_html,modalidad_resumen,duracion_html,duracion_meses,objetivos_html,perfil_ingreso_html,requisitos_ingreso_html,perfil_egreso_html,titulos_certificaciones_html,requisitos_egreso_html,financiacion_html,carta_presentacion_html
24160,"Maestría en Educación, Innovación y Tecnologías","<span style=""font-size: 15.2px"">La Maestría tiene un formato de cursada que combina actividades asincrónicas en plataforma con encuentros sincrónicos virtuales. En el caso de los seminarios metodológicos, se podrá optar por asistir en forma presencial o participar por videoconferencia. La cursada virtual se realiza enteramente a través de nuestro campus educativo</span>",,"<!-- wp:paragraph -->
<p>Se desarrolla en 24 meses y se necesitan 58 créditos académicos.</p>
<!-- /wp:paragraph -->",24,"<!-- wp:list -->
<ul class=""wp-block-list""><!-- wp:list-item -->
<li>Desarrollar las capacidades para el uso de la información, el análisis y la interpretación de las principales demandas en educación, innovación y tecnologías.</li>
<!-- /wp:list-item -->

<!-- wp:list-item -->
<li>Promover la reflexión de y en las prácticas educativas, a propósito del impacto que conlleva la inclusión de las TIC en la educación, la ubicuidad de las tecnologías digitales y la cultura de la participación.</li>
<!-- /wp:list-item -->

<!-- wp:list-item -->
<li>Favorecer la comprensión del proceso de diseño y desarrollo de las prácticas de enseñanza y de aprendizaje hacia el empleo asertivo de tecnologías en los procesos educativos.</li>
<!-- /wp:list-item -->

<!-- wp:list-item -->
<li>Desarrollar capacidades para el diseño de trayectos formativos innovadores que integren nuevas habilidades desde educación infantil, y reconozcan la diversidad de situaciones que desafían los modelos pedagógicos e institucionales existentes.</li>
<!-- /wp:list-item -->

<!-- wp:list-item -->
<li>Promover la investigación y generación de conocimiento sobre las tecnologías en la educación.</li>
<!-- /wp:list-item --></ul>
<!-- /wp:list -->","<!-- wp:paragraph -->
<p>El programa de maestría está dirigido a profesionales con titulación de grado (4 años o más), que hayan egresado de las carreras de formación docente o de carreras universitarias, que se interesen por el campo de la educación, la innovación y la incorporación de TIC en los procesos de enseñanza. El programa es adecuado para personas jóvenes recientemente graduadas así como para profesionales con experiencia que aspiren a desarrollar o ampliar sus competencias y habilidades en la investigación y la enseñanza.</p>
<!-- /wp:paragraph -->

<!-- wp:paragraph -->
<p>Las personas postulantes deberán tener habilidades básicas para el trabajo académico, profesional y el trabajo en equipo. Deberán conocer las reglas de la escritura académica y contar con habilidades digitales para realizar una cursada en línea.</p>
<!-- /wp:paragraph -->","<!-- wp:paragraph -->
<p>Para ser admitidas en la Maestría, las personas aspirantes deberán cumplir con los siguientes requisitos:</p>
<!-- /wp:paragraph -->

<!-- wp:list {""ordered"":true} -->
<ol class=""wp-block-list""><!-- wp:list-item -->
<li>Completar el formulario de inscripción.&nbsp;</li>
<!-- /wp:list-item -->

<!-- wp:list-item -->
<li>Acreditar estudios universitarios y/o terciarios no universitarios de 4 años o más de duración con copia legalizada por las oficinas competentes.</li>
<!-- /wp:list-item -->

<!-- wp:list-item -->
<li>Presentar:<!-- wp:list -->
<ul class=""wp-block-list""><!-- wp:list-item -->
<li>Documento de identidad vigente.</li>
<!-- /wp:list-item -->

<!-- wp:list-item -->
<li>Currículum Vitae.</li>
<!-- /wp:list-item -->

<!-- wp:list-item -->
<li>Carta de motivación que exprese las expectativas.</li>
<!-- /wp:list-item --></ul>
<!-- /wp:list --></li>
<!-- /wp:list-item -->

<!-- wp:list-item -->
<li>Contar con capacidad para comprender textos en inglés y/o en otra lengua extranjera.</li>
<!-- /wp:list-item -->

<!-- wp:list-item -->
<li>Asistir a una entrevista de admisión con la coordinación académica.</li>
<!-- /wp:list-item --></ol>
<!-- /wp:list -->

<!-- wp:heading {""level"":3} -->
<h3 class=""wp-block-heading"">Proceso de admisión al Programa</h3>
<!-- /wp:heading -->

<!-- wp:list -->
<ul class=""wp-block-list""><!-- wp:list-item -->
<li>La admisión al Programa estará sujeta a los cupos disponibles en cada cohorte. La Coordinación Académica y Ejecutiva serán responsables de la confección de un listado de aspirantes que permita su selección de acuerdo a los méritos presentados.</li>
<!-- /wp:list-item -->

<!-- wp:list-item -->
<li>La admisión se realiza en base a una orden de mérito que toma en consideración los antecedentes (académicos y/o profesionales) de la persona aspirante.</li>
<!-- /wp:list-item -->

<!-- wp:list-item -->
<li>Una vez realizado este proceso, se darán a conocer los resultados de la selección. La Asistente Académica de la Maestría comunicará por correo electrónico a cada aspirante los resultados de la selección.</li>
<!-- /wp:list-item -->

<!-- wp:list-item -->
<li>Las personas admitidas tendrán un plazo de 72 hs. para notificar la aceptación de las condiciones de admisión.</li>
<!-- /wp:list-item -->

<!-- wp:list-item -->
<li>El pago de la primera cuota funcionará a modo de matrícula con el fin de asegurar el cupo.</li>
<!-- /wp:list-item --></ul>
<!-- /wp:list -->","<!-- wp:paragraph -->
<p>Quien obtenga el título de Magíster en Educación, Innovación y Tecnologías, con mención en Inclusión de las tecnologías en el aula será capaz de:</p>
<!-- /wp:paragraph -->

<!-- wp:list -->
<ul class=""wp-block-list""><!-- wp:list-item -->
<li>Llevar adelante el diseño y desarrollo de programas y proyectos de inclusión de tecnologías en el aula, con una impronta basada en evidencias.</li>
<!-- /wp:list-item -->

<!-- wp:list-item -->
<li>Utilizar la información, el análisis y la interpretación de las demandas en educación, innovación y tecnologías.</li>
<!-- /wp:list-item -->

<!-- wp:list-item -->
<li>Promover la reflexión en el aula y sobre sus propias prácticas.</li>
<!-- /wp:list-item -->

<!-- wp:list-item -->
<li>Investigar y generar nuevo conocimiento sobre el uso de las tecnologías en la educación.</li>
<!-- /wp:list-item --></ul>
<!-- /wp:list -->

<!-- wp:paragraph -->
<p>Quien obtenga el título de Magíster en Educación, Innovación y Tecnologías, con mención en Educación en línea será capaz de:</p>
<!-- /wp:paragraph -->

<!-- wp:list -->
<ul class=""wp-block-list""><!-- wp:list-item -->
<li>Llevar adelante el diseño y desarrollo de programas y proyectos de educación en línea e híbrida, con una impronta basada en evidencias.</li>
<!-- /wp:list-item -->

<!-- wp:list-item -->
<li>Utilizar la información, el análisis y la interpretación de las demandas en educación, innovación y tecnologías.</li>
<!-- /wp:list-item -->

<!-- wp:list-item -->
<li>Promover la reflexión en el aula y sobre sus propias prácticas.</li>
<!-- /wp:list-item -->

<!-- wp:list-item -->
<li>Investigar y generar nuevo conocimiento sobre el uso de las tecnologías en la educación.</li>
<!-- /wp:list-item --></ul>
<!-- /wp:list -->","<!-- wp:paragraph -->
<p>Quienes egresan de la Maestría reciben uno de los siguientes títulos:</p>
<!-- /wp:paragraph -->

<!-- wp:list -->
<ul class=""wp-block-list""><!-- wp:list-item -->
<li>Magíster en Educación, Innovación y Tecnologías, con mención en Inclusión de las tecnologías en el aula.</li>
<!-- /wp:list-item -->

<!-- wp:list-item -->
<li>Magíster en Educación, Innovación y Tecnologías, con mención en Educación en línea.</li>
<!-- /wp:list-item --></ul>
<!-- /wp:list -->",,"<p style=""font-family: Roboto, sans-serif;font-size: 16.96px"">FLACSO ofrece financiación flexible, el monto de las cuotas puede variar dependiendo de las promociones que haya aprovechado, o el plan de pagos que se coordine con la Institución. Todos los posgrados pueden abonarse en cuotas, siguiendo un plan mensual de pagos que acompañan la cursada. No obstante, es posible extender los planes de pago en forma flexible, con valores de cuota a su alcance.</p><p style=""font-family: Roboto, sans-serif;font-size: 16.96px"">Quienes cursen desde fuera de Uruguay pueden pagar de forma segura a través de la plataforma de pago de la institución, mientras las personas que cursan en el país, disponen de otras vías para pagar.</p><p style=""margin-bottom: 0px;font-family: Roboto, sans-serif;font-size: 16.96px"">Las becas para cursar en FLACSO Uruguay están sujetas a convenios inter institucionales y son limitadas por cohorte. Para obtener más información sobre las posibles becas disponibles puede comunicarse con la asistente académica.</p>",
24161,"Maestría en Educación, Sociedad y Política","<!-- wp:paragraph -->

Semipresencial.

<!-- /wp:paragraph -->",,"<!-- wp:paragraph -->

Se desarrollará en un total de 24 meses e implica 58 créditos académicos.

<!-- /wp:paragraph -->",24,"<!-- wp:heading -->
<h3 class=""wp-block-heading"">Objetivo estratégico</h3>
<!-- /wp:heading -->

<!-- wp:paragraph -->

Fomentar el fortalecimiento y la profesionalización del campo de intersección entre educación, sociedad y política, desde los diagnósticos con base en evidencias, la investigación y la producción de conocimientos.

<!-- /wp:paragraph -->

<!-- wp:heading -->
<h3 class=""wp-block-heading"">Objetivo general</h3>
<!-- /wp:heading -->

<!-- wp:paragraph -->

Formar profesionales que logren formular y analizar problemas del ámbito educativo, comprender sus distintas aristas y construir alternativas que contribuyan a su solución.

<!-- /wp:paragraph -->

<!-- wp:heading -->
<h3 class=""wp-block-heading"">Objetivos específicos</h3>
<!-- /wp:heading -->

<!-- wp:list -->
<ul class=""wp-block-list"">
 	<li style=""list-style-type: none"">
<ul class=""wp-block-list""><!-- wp:list-item -->
 	<li>Formar profesionales de alto nivel en Educación, Sociedad y Política con capacidad y autonomía para el diseño y desarrollo de políticas, programas y proyectos en las áreas de gestión y sistemas de enseñanza, que sean actores clave en la promoción y el efectivo ejercicio del derecho a la educación.</li>
</ul>
</li>
</ul>
<!-- /wp:list-item -->

<!-- wp:list-item -->
<ul class=""wp-block-list"">
 	<li style=""list-style-type: none"">
<ul class=""wp-block-list"">
 	<li>Desarrollar las capacidades para el uso de la información, el análisis y la interpretación de las principales demandas en educación.</li>
</ul>
</li>
</ul>
<!-- /wp:list-item -->

<!-- wp:list-item -->
<ul class=""wp-block-list"">
 	<li style=""list-style-type: none"">
<ul class=""wp-block-list"">
 	<li>Impulsar la construcción de perspectivas propias para la formulación de propuestas de mejora en las diferentes áreas del quehacer pedagógico.</li>
</ul>
</li>
</ul>
<!-- /wp:list-item -->

<!-- wp:list-item -->
<ul class=""wp-block-list"">
 	<li style=""list-style-type: none"">
<ul class=""wp-block-list"">
 	<li>Ampliar las capacidades para el diseño de trayectos formativos que reconozcan la diversidad de situaciones que desafíen los modelos pedagógicos e institucionales existentes.</li>
</ul>
</li>
</ul>
<!-- /wp:list-item -->

<!-- wp:list-item -->
<ul class=""wp-block-list"">
 	<li style=""list-style-type: none"">
<ul class=""wp-block-list"">
 	<li>Promover la investigación como práctica de producción de conocimientos para la estructuración de problemas y el diseño de soluciones.</li>
</ul>
</li>
</ul>
<!-- /wp:list-item -->

<!-- /wp:list -->","<!-- wp:paragraph -->

El programa de maestría está dirigido a profesionales con titulación: personas egresadas de las carreras de formación docente, con título de grado universitario o terciario de cuatro años o más, que se interesen por el campo de la educación, la gestión y los sistemas de enseñanza. El programa es adecuado tanto para personas jóvenes recientemente graduadas como para profesionales con experiencia que aspiren a desarrollar o ampliar sus competencias y habilidades en la investigación, la gestión en el campo de la educación y la enseñanza.

<!-- /wp:paragraph -->

<!-- wp:paragraph -->

Las personas postulantes deberán tener habilidades básicas para el trabajo académico, profesional y el trabajo en equipo. Deberán conocer las reglas de la escritura académica y contar con la habilidad para buscar y analizar información de fuentes diversas.

<!-- /wp:paragraph -->","<!-- wp:paragraph -->

Para inscribirse, las personas interesadas deberán cumplir los siguientes requisitos administrativos:

<!-- /wp:paragraph -->

<!-- wp:list -->
<ul class=""wp-block-list"">
 	<li style=""list-style-type: none"">
<ul class=""wp-block-list""><!-- wp:list-item -->
 	<li>Completar el formulario de preinscripción en línea&nbsp;</li>
</ul>
</li>
</ul>
<!-- /wp:list-item -->

<!-- wp:list-item -->
<ul class=""wp-block-list"">
 	<li style=""list-style-type: none"">
<ul class=""wp-block-list"">
 	<li>Acreditar estudios universitarios y/o terciarios no universitarios de 4 años o más de duración con copia legalizada por las oficinas competentes</li>
</ul>
</li>
</ul>
<!-- /wp:list-item -->

<!-- wp:list-item -->
<ul class=""wp-block-list"">
 	<li style=""list-style-type: none"">
<ul class=""wp-block-list"">
 	<li>Presentar documento de identidad vigente</li>
</ul>
</li>
</ul>
<!-- /wp:list-item -->

<!-- wp:list-item -->
<ul class=""wp-block-list"">
 	<li style=""list-style-type: none"">
<ul class=""wp-block-list"">
 	<li>Currículum Vitae</li>
</ul>
</li>
</ul>
<!-- /wp:list-item -->

<!-- wp:list-item -->
<ul class=""wp-block-list"">
 	<li style=""list-style-type: none"">
<ul class=""wp-block-list"">
 	<li>Carta de motivación que exprese sus expectativas</li>
</ul>
</li>
</ul>
<!-- /wp:list-item -->

<!-- wp:list-item -->
<ul class=""wp-block-list"">
 	<li style=""list-style-type: none"">
<ul class=""wp-block-list"">
 	<li>Dos cartas de referencia sobre su desempeño académico o profesional.</li>
</ul>
</li>
</ul>
<!-- /wp:list-item -->

<!-- wp:list-item -->
<ul class=""wp-block-list"">
 	<li style=""list-style-type: none"">
<ul class=""wp-block-list"">
 	<li>Contar con capacidad para comprender textos en inglés y/o en otra lengua extranjera</li>
</ul>
</li>
</ul>
<!-- /wp:list-item -->

<!-- wp:list-item -->
<ul class=""wp-block-list"">
 	<li style=""list-style-type: none"">
<ul class=""wp-block-list"">
 	<li>Asistir a una entrevista de admisión con la coordinación académica</li>
</ul>
</li>
</ul>
<!-- /wp:list-item -->

<!-- /wp:list -->

<!-- wp:paragraph -->

La admisión al programa estará sujeta a los cupos disponibles en cada cohorte. La Coordinación Académica y el Comité Académico Asesor serán responsables de la confección de un listado de aspirantes en base a una orden de mérito que toma en consideración los antecedentes (académicos y/o profesionales) de la persona aspirante. Una vez realizado este proceso, se darán a conocer los resultados de la selección.

<!-- /wp:paragraph -->","<!-- wp:paragraph -->

Las personas egresadas de la Maestría en Educación, Sociedad y Política contarán al momento de su egreso con:

<!-- /wp:paragraph -->

<!-- wp:list -->
<ol class=""wp-block-list"">
 	<li style=""list-style-type: none"">
<ol class=""wp-block-list""><!-- wp:list-item -->
 	<li>Herramientas de análisis del campo de las políticas públicas para la interpretación de los procesos en el campo de la educación en el contexto de los continuos desafíos sociales y tecnológicos.</li>
</ol>
</li>
</ol>
<!-- /wp:list-item -->

<!-- wp:list-item -->
<ol class=""wp-block-list"">
 	<li style=""list-style-type: none"">
<ol class=""wp-block-list"">
 	<li>Conocimientos teórico-analíticos para estructurar problemas y soluciones en el área de la educación identificando nuevas demandas y oportunidades para la innovación.</li>
</ol>
</li>
</ol>
<!-- /wp:list-item -->

<!-- wp:list-item -->
<ol class=""wp-block-list"">
 	<li style=""list-style-type: none"">
<ol class=""wp-block-list"">
 	<li>Competencias para el desempeño en cargos de responsabilidad y dirección en instituciones educativas de todos los niveles y tipos de gestión.</li>
</ol>
</li>
</ol>
<!-- /wp:list-item -->

<!-- wp:list-item -->
<ol class=""wp-block-list"">
 	<li style=""list-style-type: none"">
<ol class=""wp-block-list"">
 	<li>Formación para el desarrollo de investigaciones y diseños de trayectos formativos en el campo de la educación.</li>
</ol>
</li>
</ol>
<!-- /wp:list-item -->

<!-- /wp:list -->

<!-- wp:paragraph -->

La mención en Gestión en Instituciones Educativas, aportará habilidades para el desarrollo de herramientas de gestión que contribuyan a la transformación de los modelos institucionales en sintonía con las nuevas demandas de enseñanza.

<!-- /wp:paragraph -->

<!-- wp:paragraph -->

Por su parte, la mención en Sistemas de Enseñanza permitirá incrementar los conocimientos que faciliten el análisis de problemas y soluciones en el área de los sistemas de enseñanza y los modelos pedagógicos.

<!-- /wp:paragraph -->","<!-- wp:paragraph -->

Los egresados de la Maestría reciben un título de:

<!-- /wp:paragraph -->

<!-- wp:list -->
<ul class=""wp-block-list"">
 	<li style=""list-style-type: none"">
<ul class=""wp-block-list""><!-- wp:list-item -->
 	<li><b>Magíster en Educación, Sociedad y Política con mención en Sistemas de Enseñanza</b></li>
</ul>
</li>
</ul>
<!-- /wp:list-item -->

<!-- wp:list-item -->
<ul class=""wp-block-list"">
 	<li style=""list-style-type: none"">
<ul class=""wp-block-list"">
 	<li><b>Magíster en Educación, Sociedad y Política con mención en Gestión de la Enseñanza</b></li>
</ul>
</li>
</ul>
<!-- /wp:list-item -->

<!-- /wp:list -->","<!-- wp:paragraph -->

Para egresar de la Maestría en Educación, Sociedad y Política las personas cursantes deben cumplir con los siguientes puntos:

<!-- /wp:paragraph -->

<!-- wp:list -->
<ul class=""wp-block-list"">
 	<li style=""list-style-type: none"">
<ul class=""wp-block-list""><!-- wp:list-item -->
 	<li>Haber acreditado todos los seminarios, talleres y el total de créditos previstos</li>
</ul>
</li>
</ul>
<!-- /wp:list-item -->

<!-- wp:list-item -->
<ul class=""wp-block-list"">
 	<li style=""list-style-type: none"">
<ul class=""wp-block-list"">
 	<li>Presentar una tesis de investigación que será defendida ante un tribunal conformado por tres especialistas en el tema</li>
</ul>
</li>
</ul>
<!-- /wp:list-item -->

<!-- wp:list-item -->
<ul class=""wp-block-list"">
 	<li style=""list-style-type: none"">
<ul class=""wp-block-list"">
 	<li>Las menciones en gestión o sistemas de enseñanza se añadirán de acuerdo a la orientación de los seminarios de especialización elegidos y aprobados</li>
</ul>
</li>
</ul>
<!-- /wp:list-item -->

<!-- wp:list-item -->
<ul class=""wp-block-list"">
 	<li style=""list-style-type: none"">
<ul class=""wp-block-list"">
 	<li>Haber honrado sus compromisos de pago de aranceles por las vías y en los plazos comprometidos</li>
</ul>
</li>
</ul>
<!-- /wp:list-item -->

<!-- /wp:list -->","<p style=""font-family: Roboto, sans-serif;font-size: 16.96px"">FLACSO ofrece financiación flexible, el monto de las cuotas puede variar dependiendo de las promociones que haya aprovechado, o el plan de pagos que se coordine con la Institución. Todos los posgrados pueden abonarse en cuotas, siguiendo un plan mensual de pagos que acompañan la cursada. No obstante, es posible extender los planes de pago en forma flexible, con valores de cuota a su alcance.</p><p style=""font-family: Roboto, sans-serif;font-size: 16.96px"">Quienes cursen desde fuera de Uruguay pueden pagar de forma segura a través de la plataforma de pago de la institución, mientras las personas que cursan en el país, disponen de otras vías para pagar.</p><p style=""margin-bottom: 0px;font-family: Roboto, sans-serif;font-size: 16.96px"">Las becas para cursar en FLACSO Uruguay están sujetas a convenios inter institucionales y son limitadas por cohorte. Para obtener más información sobre las posibles becas disponibles puede comunicarse con la asistente académica.</p>",
24162,Maestría en Género,"<!-- wp:paragraph -->

<strong>Semipresencial híbrida y flexible</strong>.
La forma de cursada es híbrida y flexible, de manera semi presencial en la plataforma virtual de FLACSO Uruguay, y a través de clases sincrónicas vía ZOOM.

<!-- /wp:paragraph -->",,"<!-- wp:paragraph -->

El programa docente se extiende por<strong> 24 meses</strong> de cursada y corresponde a <strong>59 créditos</strong> en total, que se distribuyen en:
nueve (9) créditos para el ciclo 1, veintiséis (26) créditos para el ciclo 2 y veinticuatro (24) créditos para el ciclo 3.

<!-- /wp:paragraph -->",24,"<!-- wp:list -->
<ul class=""wp-block-list"">
 	<li style=""list-style-type: none"">
<ul class=""wp-block-list""><!-- wp:list-item -->
 	<li>Contribuir al fortalecimiento del campo de los Estudios de Género en Uruguay y la región, la producción de conocimientos novedosos y la articulación de estos con la producción y perfeccionamiento de las políticas públicas y la participación ciudadana.</li>
</ul>
</li>
</ul>
<!-- /wp:list-item -->

<!-- wp:list-item -->
<ul class=""wp-block-list"">
 	<li style=""list-style-type: none"">
<ul class=""wp-block-list"">
 	<li>Formar profesionales de distintos niveles de inserción, con conocimientos y capacidades para el desarrollo de actividades de docencia, investigación, análisis y evaluación en el campo de los Estudios de Género en intersección con otros campos, así como con capacidades para diseñar, implementar, evaluar, tomar decisiones tendientes en la generación de políticas públicas integrales teniendo como marco los derechos humanos, así como crear procesos de incidencia institucionales y sociales en temas de género, violencia basada en género y cambio climático y desastres.</li>
</ul>
</li>
</ul>
<!-- /wp:list-item -->

<!-- wp:list-item -->
<ul class=""wp-block-list"">
 	<li style=""list-style-type: none"">
<ul class=""wp-block-list"">
 	<li>Consolidar líneas de formación que aborden desde una perspectiva interdisciplinaria la situación de las diferentes identidades sexo/genéricas en la sociedad, los problemas de la violencia basada en género, los problemas que vinculan género con cambio climático y los desastres, sobre la base de los conceptos de poder que se articulan en modo complejo en el sistema sexo/género sumando otros factores de desigualdad que configuran experiencias específicas y teniendo en cuenta los estándares de derechos humanos;</li>
</ul>
</li>
</ul>
<!-- /wp:list-item -->

<!-- wp:list-item -->
<ul class=""wp-block-list"">
 	<li style=""list-style-type: none"">
<ul class=""wp-block-list"">
 	<li>Brindar herramientas teóricas y metodológicas que posibiliten el análisis de las situaciones de subordinación, sometimiento y violencia en la organización social basada en el género en todos los ámbitos de la vida social;</li>
</ul>
</li>
</ul>
<!-- /wp:list-item -->

<!-- wp:list-item -->
<ul class=""wp-block-list"">
 	<li style=""list-style-type: none"">
<ul class=""wp-block-list"">
 	<li>Instalar capacidades para la adquisición de la integralidad y el horizonte de la transformación en las políticas públicas desde el análisis, el diseño, la planificación, la reformulación, la implementación y la evaluación de políticas, acciones y programas;</li>
</ul>
</li>
</ul>
<!-- /wp:list-item -->

<!-- wp:list-item -->
<ul class=""wp-block-list"">
 	<li style=""list-style-type: none"">
<ul class=""wp-block-list"">
 	<li>Promover la difusión del conocimiento en el área de los Estudios de Género, la interseccionalidad en interacción con otros campos de estudios y su relación con los procesos de institucionalización de las políticas públicas desde una perspectiva de derechos humanos.</li>
</ul>
</li>
</ul>
<!-- /wp:list-item -->

<!-- /wp:list -->",,"<!-- wp:paragraph -->

Para matricular en la Maestría las personas interesadas deben cumplir con los siguientes puntos:

<!-- /wp:paragraph -->

<!-- wp:list -->
<ul class=""wp-block-list"">
 	<li style=""list-style-type: none"">
<ul class=""wp-block-list""><!-- wp:list-item -->
 	<li>Completar el formulario de inscripciones</li>
</ul>
</li>
</ul>
<!-- /wp:list-item -->

<!-- wp:list-item -->
<ul class=""wp-block-list"">
 	<li style=""list-style-type: none"">
<ul class=""wp-block-list"">
 	<li>Añadir en el formulario de forma escaneada:</li>
</ul>
</li>
</ul>
<!-- /wp:list-item -->

<!-- wp:list-item -->
<ul class=""wp-block-list"">
 	<li style=""list-style-type: none"">
<ul class=""wp-block-list"">
 	<li>Documento que acredite estudios universitarios y/o terciarios no universitarios de 4 años o más de duración, con copia legalizada por las oficinas competentes</li>
</ul>
</li>
</ul>
<!-- /wp:list-item -->

<!-- wp:list-item -->
<ul class=""wp-block-list"">
 	<li style=""list-style-type: none"">
<ul class=""wp-block-list"">
 	<li>Documento de identidad vigente</li>
</ul>
</li>
</ul>
<!-- /wp:list-item -->

<!-- wp:list-item -->
<ul class=""wp-block-list"">
 	<li style=""list-style-type: none"">
<ul class=""wp-block-list"">
 	<li>Curriculum Vitae</li>
</ul>
</li>
</ul>
<!-- /wp:list-item -->

<!-- wp:list-item -->
<ul class=""wp-block-list"">
 	<li style=""list-style-type: none"">
<ul class=""wp-block-list"">
 	<li>Carta de motivación para la realización de la Maestría</li>
</ul>
</li>
</ul>
<!-- /wp:list-item -->

<!-- wp:list-item -->
<ul class=""wp-block-list"">
 	<li style=""list-style-type: none"">
<ul class=""wp-block-list"">
 	<li>Dos cartas de recomendación</li>
</ul>
</li>
</ul>
<!-- /wp:list-item -->

<!-- wp:list-item -->
<ul class=""wp-block-list"">
 	<li style=""list-style-type: none"">
<ul class=""wp-block-list"">
 	<li>Tener una entrevista con la Coordinación Académica.</li>
</ul>
</li>
</ul>
<!-- /wp:list-item -->

<!-- /wp:list -->

<!-- wp:paragraph -->

La admisión al programa estará sujeta a los cupos disponibles en cada cohorte. La Coordinación Académica y el Comité Académico Asesor serán responsables de la confección de un listado de aspirantes que permita su selección de acuerdo a los méritos presentados. Una vez confirmada su admisión el proceso de inscripción se completa abonando los aranceles correspondientes.

<!-- /wp:paragraph -->","<!-- wp:paragraph -->

La Maestría en Género con sus distintas menciones se propone consolidar en el país un conjunto de profesionales capaces de comprender, investigar y desarrollar acciones, planes y programas para el logro de la inserción de la perspectiva de género e interseccional en distintos ámbitos institucionales y la generación de monitoreos y procesos de incidencia.

<!-- /wp:paragraph -->

<!-- wp:paragraph -->

Esto supone que las personas egresadas de la Maestría contarán con:

<!-- /wp:paragraph -->

<!-- wp:paragraph -->

<strong>Orientación académica:</strong>

<!-- /wp:paragraph -->

<!-- wp:paragraph -->

– Las capacidades teórico-analíticas para la comprensión de los procesos sociales, culturales y políticos que construyen diferencias jerarquizadas a partir de la organización social basada en el género, intersectadas por otros ejes de vulneración teniendo en cuenta los estándares de derechos humanos y en diálogo con otros campos de estudio para cada una de las orientaciones;

<!-- /wp:paragraph -->

<!-- wp:paragraph -->

– El conocimiento reflexivo de diversas teorías explicativas del campo de los estudios de género e interseccionales, aplicables a los referidos procesos y en diálogo con los campos de especialización de la Maestría en cambio climático, en violencia basada en género y en políticas públicas integrales;

<!-- /wp:paragraph -->

<!-- wp:paragraph -->

– El conocimiento del debate teórico actual en el campo y de las metodologías de investigación aplicables al estudio de los problemas de investigación construidos a partir de las desigualdades de género identificadas y argumentadas a partir de la generación de capacidades para la búsqueda de diferentes fuentes de información;

<!-- /wp:paragraph -->

<!-- wp:paragraph -->

– Capacidades para la ejecución de investigaciones en el campo de los estudios de género e interseccionales en articulación con otros campos de estudio a partir de metodologías de investigación de las ciencias sociales;

<!-- /wp:paragraph -->

<!-- wp:paragraph -->

– Capacidades para la generación personal de conocimiento científico novedoso como aporte a las distintas áreas disciplinares;

<!-- /wp:paragraph -->

<!-- wp:paragraph -->

<strong>Orientación profesional:</strong>

<!-- /wp:paragraph -->

<!-- wp:paragraph -->

– Las capacidades teórico-analíticas para la comprensión de los procesos sociales, culturales y políticos que construyen diferencias jerarquizadas a partir de la organización social basada en el género, intersectadas por otros ejes de vulneración teniendo en cuenta los estándares de derechos humanos;

<!-- /wp:paragraph -->

<!-- wp:paragraph -->

– El conocimiento y manejo de procesos y técnicas de aplicación profesional referidos a los procesos antes referidos en sus distintos contextos históricos y territoriales y en diálogo con distintos campos de conocimiento;

<!-- /wp:paragraph -->

<!-- wp:paragraph -->

– Capacidad para la elaboración de diagnósticos de problemas sociales desde una perspectiva integral basada en derechos y la identificación de problemas de desigualdad de género a partir de las desigualdades de género identificadas y argumentadas a partir de la generación de capacidades para la búsqueda de diferentes fuentes de información;

<!-- /wp:paragraph -->

<!-- wp:paragraph -->

– Capacidad para el diseño, ejecución y evaluación de intervenciones, planes, programas, y políticas públicas que tengan como metas la búsqueda de soluciones a los problemas sociales identificados.

<!-- /wp:paragraph -->","<!-- wp:paragraph -->

Según lo que la persona egresada haya cursado de esta Maestría, recibe un título de:

<!-- /wp:paragraph -->

<!-- wp:paragraph -->

<strong>Maestría en Género</strong> con mención en:

<!-- /wp:paragraph -->

<!-- wp:list -->
<ul class=""wp-block-list"">
 	<li style=""list-style-type: none"">
<ul class=""wp-block-list""><!-- wp:list-item -->
 	<li>Políticas Públicas Integrales</li>
</ul>
</li>
</ul>
<!-- /wp:list-item -->

<!-- wp:list-item -->
<ul class=""wp-block-list"">
 	<li style=""list-style-type: none"">
<ul class=""wp-block-list"">
 	<li>Cambio Climático y Desastres</li>
</ul>
</li>
</ul>
<!-- /wp:list-item -->

<!-- wp:list-item -->
<ul class=""wp-block-list"">
 	<li style=""list-style-type: none"">
<ul class=""wp-block-list"">
 	<li>Violencia Basada en Género</li>
</ul>
</li>
</ul>
<!-- /wp:list-item -->

<!-- wp:list-item -->
<ul class=""wp-block-list"">
 	<li style=""list-style-type: none"">
<ul class=""wp-block-list"">
 	<li>Salud Integral</li>
</ul>
</li>
</ul>
<!-- /wp:list-item -->

<!-- /wp:list -->","<!-- wp:paragraph -->

Para egresar de la Maestría las personas cursantes deben cumplir con los siguientes puntos:

<!-- /wp:paragraph -->

<!-- wp:list -->
<ul class=""wp-block-list"">
 	<li style=""list-style-type: none"">
<ul class=""wp-block-list""><!-- wp:list-item -->
 	<li>Asistir al 80% de las instancias sincrónicas</li>
</ul>
</li>
</ul>
<!-- /wp:list-item -->

<!-- wp:list-item -->
<ul class=""wp-block-list"">
 	<li style=""list-style-type: none"">
<ul class=""wp-block-list"">
 	<li>Aprobar los seminarios</li>
</ul>
</li>
</ul>
<!-- /wp:list-item -->

<!-- wp:list-item -->
<ul class=""wp-block-list"">
 	<li style=""list-style-type: none"">
<ul class=""wp-block-list"">
 	<li>Aprobar la Tesis final</li>
</ul>
</li>
</ul>
<!-- /wp:list-item -->

<!-- /wp:list -->","<p style=""font-family: Roboto, sans-serif;font-size: 16.96px"">FLACSO ofrece financiación flexible, el monto de las cuotas puede variar dependiendo de las promociones que haya aprovechado, o el plan de pagos que se coordine con la Institución. Todos los posgrados pueden abonarse en cuotas, siguiendo un plan mensual de pagos que acompañan la cursada. No obstante, es posible extender los planes de pago en forma flexible, con valores de cuota a su alcance.</p><p style=""font-family: Roboto, sans-serif;font-size: 16.96px"">Quienes cursen desde fuera de Uruguay pueden pagar de forma segura a través de la plataforma de pago de la institución, mientras las personas que cursan en el país, disponen de otras vías para pagar.</p><p style=""margin-bottom: 0px;font-family: Roboto, sans-serif;font-size: 16.96px"">Las becas para cursar en FLACSO Uruguay están sujetas a convenios inter institucionales y son limitadas por cohorte. Para obtener más información sobre las posibles becas disponibles puede comunicarse con la asistente académica.</p>",
24163,"Especialización en Análisis, Producción y Edición de Textos","<!-- wp:paragraph -->

Virtual.

<!-- /wp:paragraph -->

<!-- wp:paragraph -->

Es una modalidad que habilita, de manera compartida e inmersiva, la adquisición y profundización de contenidos y procedimientos para analizar, producir y editar textos. Cada seminario está a cargo de equipos docentes especializados en la temática y se desarrolla en entornos específicos -aulas virtuales- cuya diagramación permite que contenidos, comunicación y actividades se integren para que el trayecto formativo sea accesible y amigable.

<!-- /wp:paragraph -->",,"<!-- wp:paragraph -->

Se desarrolla durante 12 meses, distribuidos en cuatro módulos. En los dos primeros, se presentan contenidos conceptuales y procedimentales relacionados con el análisis y producción de textos orales, escritos multimodales y multimediales, el discurso multimodal, los discursos profesionales y académicos y los estudios hermenéuticos y retóricos. En el tercero, se abordan los contenidos y procedimientos que se requieren para la revisión y edición de textos. El último módulo tiene como finalidad acompañar la producción del trabajo final (taller de escritura). En síntesis, está conformada por 8 seminarios y por un taller de escritura del trabajo final.

<!-- /wp:paragraph -->",12,"<!-- wp:heading -->
<h3 class=""wp-block-heading""><strong>Objetivo general</strong></h3>
<!-- /wp:heading -->

<!-- wp:paragraph -->

Fortalecer los conocimientos sobre las prácticas de análisis, producción y edición de textos orales, escritos, multimodales y multimediales para formar profesionales especializados, según sus roles y funciones, en los ámbitos en que se desempeñan.

<!-- /wp:paragraph -->

<!-- wp:heading -->
<h3 class=""wp-block-heading""><strong>Objetivos específicos </strong></h3>
<!-- /wp:heading -->

<!-- wp:list -->
<ol class=""wp-block-list"">
 	<li style=""list-style-type: none"">
<ol class=""wp-block-list""><!-- wp:list-item -->
 	<li>Contribuir al análisis de prácticas de comunicación que se desarrollan en los diferentes ámbitos en que participan las personas inscriptas.</li>
</ol>
</li>
</ol>
<!-- /wp:list-item -->

<!-- wp:list-item -->
<ol class=""wp-block-list"">
 	<li style=""list-style-type: none"">
<ol class=""wp-block-list"">
 	<li>Identificar marcos teóricos y metodológicos para el análisis, la producción y la edición de diversos textos.</li>
</ol>
</li>
</ol>
<!-- /wp:list-item -->

<!-- wp:list-item -->
<ol class=""wp-block-list"">
 	<li style=""list-style-type: none"">
<ol class=""wp-block-list"">
 	<li>Elaborar  y editar  géneros discursivos (digitales y no digitales) de sus diferentes entornos académicos y profesionales.</li>
</ol>
</li>
</ol>
<!-- /wp:list-item -->

<!-- wp:list-item -->
<ol class=""wp-block-list"">
 	<li style=""list-style-type: none"">
<ol class=""wp-block-list"">
 	<li>Promover estrategias de apropiación del conocimiento de lo disciplinar, lo audiovisual y lo tecnológico.</li>
</ol>
</li>
</ol>
<!-- /wp:list-item -->

<!-- wp:list-item -->
<ol class=""wp-block-list"">
 	<li style=""list-style-type: none"">
<ol class=""wp-block-list"">
 	<li>Fomentar la interacción entre las personas inscriptas para promover las relaciones interpersonales, el desarrollo de la empatía y el trabajo colaborativo</li>
</ol>
</li>
</ol>
<!-- /wp:list-item -->

<!-- /wp:list -->","<!-- wp:paragraph -->

Para lograr la matriculación, las personas interesadas deben:

<!-- /wp:paragraph -->

<!-- wp:list -->
<ol class=""wp-block-list"">
 	<li style=""list-style-type: none"">
<ol class=""wp-block-list""><!-- wp:list-item -->
 	<li>Completar la ficha de inscripción.</li>
</ol>
</li>
</ol>
<!-- /wp:list-item -->

<!-- wp:list-item -->
<ol class=""wp-block-list"">
 	<li style=""list-style-type: none"">
<ol class=""wp-block-list"">
 	<li>Presentar título universitario o terciario con 4 años de formación o similar, conferido por universidades o instituciones de educación superior legalmente reconocidas.</li>
</ol>
</li>
</ol>
<!-- /wp:list-item -->

<!-- wp:list-item -->
<ol class=""wp-block-list"">
 	<li style=""list-style-type: none"">
<ol class=""wp-block-list"">
 	<li>Presentar documento de identificación.</li>
</ol>
</li>
</ol>
<!-- /wp:list-item -->

<!-- /wp:list -->",,"<!-- wp:paragraph -->

La persona egresada de la Especialización contará con:

<!-- /wp:paragraph -->

<!-- wp:list -->
<ol class=""wp-block-list"">
 	<li style=""list-style-type: none"">
<ol class=""wp-block-list""><!-- wp:list-item -->
 	<li>Conocimientos sobre dos modalidades comunicativas: oralidad y escritura.</li>
</ol>
</li>
</ol>
<!-- /wp:list-item -->

<!-- wp:list-item -->
<ol class=""wp-block-list"">
 	<li style=""list-style-type: none"">
<ol class=""wp-block-list"">
 	<li>Estrategias de análisis y producción de diversos géneros discursivos orales, escritos impresos, multimodales y  multimediales desde las perspectivas de la  Retórica y Hermenéutica,  Análisis Crítico del Discurso, Teoría Multimodal.</li>
</ol>
</li>
</ol>
<!-- /wp:list-item -->

<!-- wp:list-item -->
<ol class=""wp-block-list"">
 	<li style=""list-style-type: none"">
<ol class=""wp-block-list"">
 	<li>Conocimiento de la normativa que rige  la producción académica: normas de escritura académica,  licencias de publicación, cuidado editorial, autorías y arbitrajes, categorías de las publicaciones, etc.</li>
</ol>
</li>
</ol>
<!-- /wp:list-item -->

<!-- /wp:list -->

<!-- wp:paragraph -->

Para obtener el título de Especialista, deberá aprobar los seminarios obligatorios y cursar el taller de elaboración del trabajo final. El objetivo del taller es la elaboración de un ensayo que refleje el proceso de aprendizaje de toda la cursada en un tema propio de las áreas de trabajo en las que la persona inscrita se desempeña. Para su aprobación, será evaluado por un tribunal conformado por tres especialistas. Todos sus integrantes contarán con las credenciales académicas (grado equivalente o superior al de Especialista) relacionadas con las Ciencias de la Comunicación, las Ciencias Sociales y del Comportamiento y con los conocimientos disciplinares que desarrolle el ensayo.

<!-- /wp:paragraph -->",,,"<p style=""font-family: Roboto, sans-serif;font-size: 16.96px"">FLACSO ofrece financiación flexible, el monto de las cuotas puede variar dependiendo de las promociones que haya aprovechado, o el plan de pagos que se coordine con la Institución. Todos los posgrados pueden abonarse en cuotas, siguiendo un plan mensual de pagos que acompañan la cursada. No obstante, es posible extender los planes de pago en forma flexible, con valores de cuota a su alcance.</p><p style=""font-family: Roboto, sans-serif;font-size: 16.96px"">Quienes cursen desde fuera de Uruguay pueden pagar de forma segura a través de la plataforma de pago de la institución, mientras las personas que cursan en el país, disponen de otras vías para pagar.</p><p style=""margin-bottom: 0px;font-family: Roboto, sans-serif;font-size: 16.96px"">Las becas para cursar en FLACSO Uruguay están sujetas a convenios inter institucionales y son limitadas por cohorte. Para obtener más información sobre las posibles becas disponibles puede comunicarse con la asistente académica.</p>",
24164,"Especialización en Género, Cambio Climático y Desastres","<!-- wp:paragraph -->

La Especialización se cursa de forma semi presencial a través de la plataforma virtual de FLACSO Uruguay, y a través de clases sincrónicas vía zoom.

<!-- /wp:paragraph -->",,"<!-- wp:paragraph -->

Se desarrollará en un total de 12 meses (ciclo 1 + ciclo 2), implica 36 créditos académicos.

<!-- /wp:paragraph -->",12,"<!-- wp:heading -->
<h3 class=""wp-block-heading""><strong>Objetivo general</strong></h3>
<!-- /wp:heading -->

<!-- wp:paragraph -->

Contribuir a la formación interdisciplinaria de nivel de posgrado en el campo de los estudios de cambio climático y gestión del riesgo de desastres desde la perspectiva de género, a efectos de generar capacidad y construir conocimiento al servicio de las políticas públicas en la materia.

<!-- /wp:paragraph -->

<!-- wp:heading -->
<h3 class=""wp-block-heading""><strong>Objetivos específicos&nbsp;</strong></h3>
<!-- /wp:heading -->

<!-- wp:list -->
<ul class=""wp-block-list"">
 	<li style=""list-style-type: none"">
<ul class=""wp-block-list""><!-- wp:list-item -->
 	<li>Contribuir a crear en la formación de profesionales capaces de comprender, investigar y desarrollar acciones, planes y programas en el ámbito del cambio climático y gestión del riesgo de desastres desde una perspectiva de género</li>
</ul>
</li>
</ul>
<!-- /wp:list-item -->

<!-- wp:list-item -->
<ul class=""wp-block-list"">
 	<li style=""list-style-type: none"">
<ul class=""wp-block-list"">
 	<li>Brindar herramientas de diagnóstico, investigación y desarrollo de acciones, planes, programas, proyectos y estrategias en el ámbito del cambio climático y la gestión del riesgo con perspectiva de género.</li>
</ul>
</li>
</ul>
<!-- /wp:list-item -->

<!-- /wp:list -->",,"<!-- wp:paragraph -->

Para matricular en el Diploma en Género las personas interesadas deben cumplir con los siguientes puntos:

<!-- /wp:paragraph -->

<!-- wp:list -->
<ul class=""wp-block-list"">
 	<li style=""list-style-type: none"">
<ul class=""wp-block-list""><!-- wp:list-item -->
 	<li>Completar el formulario de preinscripción disponible <a href=""https://docs.google.com/forms/d/e/1FAIpQLSesgA9p1o5pk-M6miyZKwnZXvyP2cCeX4wuNXqJ0nMuQeysBw/viewform"" data-type=""link"" data-id=""https://docs.google.com/forms/d/e/1FAIpQLSesgA9p1o5pk-M6miyZKwnZXvyP2cCeX4wuNXqJ0nMuQeysBw/viewform"">AQUÍ</a><a href=""https://forms.gle/ssZSdkAFjsmZeTxd6"">,</a> y añadir los siguientes documentos:</li>
</ul>
</li>
</ul>
<!-- /wp:list-item -->

<!-- wp:list-item -->
<ul class=""wp-block-list"">
 	<li style=""list-style-type: none"">
<ul class=""wp-block-list"">
 	<li>Documento de identidad (escaneado)</li>
</ul>
</li>
</ul>
<!-- /wp:list-item -->

<!-- wp:list-item -->
<ul class=""wp-block-list"">
 	<li style=""list-style-type: none"">
<ul class=""wp-block-list"">
 	<li>Título de grado (escaneado)</li>
</ul>
</li>
</ul>
<!-- /wp:list-item -->

<!-- wp:list-item -->
<ul class=""wp-block-list"">
 	<li style=""list-style-type: none"">
<ul class=""wp-block-list"">
 	<li>Breve currículum vitae (máximo 2 carillas)</li>
</ul>
</li>
</ul>
<!-- /wp:list-item -->

<!-- wp:list-item -->
<ul class=""wp-block-list"">
 	<li style=""list-style-type: none"">
<ul class=""wp-block-list"">
 	<li>Realizar el pago de la matrícula</li>
</ul>
</li>
</ul>
<!-- /wp:list-item -->

<!-- /wp:list -->","<!-- wp:paragraph -->

La Especialización en Género, Cambio Climático y Desastres se propone aportar al conjunto de países de la región profesionales capaces de comprender, investigar e integrar en las acciones, planes y programas del ámbito del cambio climático y los desastres socioambientales, la perspectiva de género. Las personas egresadas podrán comprender la interrelación de los principales asuntos concernientes a los problemas ambientales con la igualdad de género en las sociedades contemporáneas y la necesaria interdependencia de las temáticas para la sostenibilidad de la vida.

<!-- /wp:paragraph -->","<!-- wp:paragraph -->

Las personas egresadas del Especialización reciben un título de:

<!-- /wp:paragraph -->

<!-- wp:paragraph -->

Diplomado de Especialización en Género con orientación en Cambio Climático y Desastres.

<!-- /wp:paragraph -->","<!-- wp:paragraph -->

Para egresar del Diploma en Género las personas cursantes deben cumplir con los siguientes puntos:

<!-- /wp:paragraph -->

<!-- wp:list -->
<ul class=""wp-block-list"">
 	<li style=""list-style-type: none"">
<ul class=""wp-block-list""><!-- wp:list-item -->
 	<li>Asistir al 80% de las instancias sincrónicas</li>
</ul>
</li>
</ul>
<!-- /wp:list-item -->

<!-- wp:list-item -->
<ul class=""wp-block-list"">
 	<li style=""list-style-type: none"">
<ul class=""wp-block-list"">
 	<li>Aprobar los seminarios temáticos</li>
</ul>
</li>
</ul>
<!-- /wp:list-item -->

<!-- wp:list-item -->
<ul class=""wp-block-list"">
 	<li style=""list-style-type: none"">
<ul class=""wp-block-list"">
 	<li>Aprobar el Trabajo Final (Proyecto de Investigación)</li>
</ul>
</li>
</ul>
<!-- /wp:list-item -->

<!-- /wp:list -->","<p style=""font-family: Roboto, sans-serif;font-size: 16.96px"">FLACSO ofrece financiación flexible, el monto de las cuotas puede variar dependiendo de las promociones que haya aprovechado, o el plan de pagos que se coordine con la Institución. Todos los posgrados pueden abonarse en cuotas, siguiendo un plan mensual de pagos que acompañan la cursada. No obstante, es posible extender los planes de pago en forma flexible, con valores de cuota a su alcance.</p><p style=""font-family: Roboto, sans-serif;font-size: 16.96px"">Quienes cursen desde fuera de Uruguay pueden pagar de forma segura a través de la plataforma de pago de la institución, mientras las personas que cursan en el país, disponen de otras vías para pagar.</p><p style=""margin-bottom: 0px;font-family: Roboto, sans-serif;font-size: 16.96px"">Las becas para cursar en FLACSO Uruguay están sujetas a convenios inter institucionales y son limitadas por cohorte. Para obtener más información sobre las posibles becas disponibles puede comunicarse con la asistente académica.</p>",
24165,Diplomado de Especialización en Género con Orientación en Políticas Públicas Integrales,"<!-- wp:paragraph -->

El Diplomado de Especialización en Género con orientación en Políticas Públicas Integrales se cursa de forma semi presencial a través de la plataforma virtual de FLACSO Uruguay, y a través de clases sincrónicas vía zoom (para algunos seminarios se ofrece la posibilidad de cursar de forma presencial)

<!-- /wp:paragraph -->",,"<!-- wp:paragraph -->

Se desarrollará en un total de 12 meses (ciclo 1 + ciclo 2), implica 36 créditos académicos.

<!-- /wp:paragraph -->",12,"<!-- wp:paragraph -->

Formar profesionales con conocimientos y capacidades para el desarrollo de actividades de docencia, investigación, análisis y evaluación en el campo de los Estudios de Género e interseccionales, así como con capacidades para diseñar, implementar, evaluar y tomar decisiones tendientes a generar y profundizar políticas públicas integrales.

<!-- /wp:paragraph -->

<!-- wp:paragraph -->

Contribuir al fortalecimiento del campo de los Estudios de Género e interseccionales, la producción de conocimientos novedosos y la articulación de los mismos con la producción y perfeccionamiento de las políticas públicas para lograr su integralidad.

<!-- /wp:paragraph -->","<!-- wp:paragraph -->

A profesionales con título de grado universitario o terciario de cuatro años o más de duración que tengan inserción en diferentes ámbitos profesionales: docencia, investigación, política pública, empresas privadas, organizaciones de la sociedad civil, entre otros, que tengan interés en analizar los problemas que generan desigualdad, discriminación y exclusión por razones de género e interseccionales y contribuir desde el enfoque de la integralidad a proponer soluciones.

<!-- /wp:paragraph -->","<!-- wp:paragraph -->

Para matricular en el Diploma en Género las personas interesadas deben cumplir con los siguientes puntos:

<!-- /wp:paragraph -->

<!-- wp:list -->
<ul class=""wp-block-list"">
 	<li style=""list-style-type: none"">
<ul class=""wp-block-list""><!-- wp:list-item -->
 	<li>Completar el formulario de preinscripción disponible <a href=""https://flacso.edu.uy/formacion/diplomados/diplomado-genero-orientacion-politicas-publicas-integrales/preinscripcion/"" data-type=""link"" data-id=""https://flacso.edu.uy/formacion/diplomados/diplomado-genero-orientacion-politicas-publicas-integrales/preinscripcion/"">aquí</a>, y añadir los siguientes documentos:</li>
</ul>
</li>
</ul>
<!-- /wp:list-item -->

<!-- wp:list-item -->
<ul class=""wp-block-list"">
 	<li style=""list-style-type: none"">
<ul class=""wp-block-list"">
 	<li>Documento de identidad (escaneado)</li>
</ul>
</li>
</ul>
<!-- /wp:list-item -->

<!-- wp:list-item -->
<ul class=""wp-block-list"">
 	<li style=""list-style-type: none"">
<ul class=""wp-block-list"">
 	<li>Título de grado (escaneado)</li>
</ul>
</li>
</ul>
<!-- /wp:list-item -->

<!-- wp:list-item -->
<ul class=""wp-block-list"">
 	<li style=""list-style-type: none"">
<ul class=""wp-block-list"">
 	<li>Breve currículum vitae (máximo 2 carillas)</li>
</ul>
</li>
</ul>
<!-- /wp:list-item -->

<!-- wp:list-item -->
<ul class=""wp-block-list"">
 	<li style=""list-style-type: none"">
<ul class=""wp-block-list"">
 	<li>Realizar el pago de la matrícula</li>
</ul>
</li>
</ul>
<!-- /wp:list-item -->

<!-- /wp:list -->","<!-- wp:paragraph -->

A través de la adquisición de marcos teóricos y metodológicos, la formación académica o profesional brinda las herramientas necesarias para analizar y desarrollar soluciones a los problemas más relevantes vinculados con la desigualdad de género e interseccional en distintos ámbitos del quehacer profesional.

<!-- /wp:paragraph -->","<!-- wp:paragraph -->

Las personas egresadas del Diploma reciben un título de:

<!-- /wp:paragraph -->

<!-- wp:paragraph -->

Diplomado de Especialización en Género con orientación en Políticas Públicas Integrales

<!-- /wp:paragraph -->","<!-- wp:paragraph -->

Para egresar del Diplomado de Especialización en Género con orientación en Políticas Públicas Integrales las personas cursantes deben cumplir con los siguientes puntos:

<!-- /wp:paragraph -->

<!-- wp:list -->
<ul class=""wp-block-list"">
 	<li style=""list-style-type: none"">
<ul class=""wp-block-list""><!-- wp:list-item -->
 	<li>Asistir al 80% de las instancias sincrónicas</li>
</ul>
</li>
</ul>
<!-- /wp:list-item -->

<!-- wp:list-item -->
<ul class=""wp-block-list"">
 	<li style=""list-style-type: none"">
<ul class=""wp-block-list"">
 	<li>Aprobar los seminarios temáticos</li>
</ul>
</li>
</ul>
<!-- /wp:list-item -->

<!-- wp:list-item -->
<ul class=""wp-block-list"">
 	<li style=""list-style-type: none"">
<ul class=""wp-block-list"">
 	<li>Aprobar el Trabajo Final (Proyecto de Investigación o Intervención)</li>
</ul>
</li>
</ul>
<!-- /wp:list-item -->

<!-- /wp:list -->","<p style=""font-family: Roboto, sans-serif;font-size: 16.96px"">FLACSO ofrece financiación flexible, el monto de las cuotas puede variar dependiendo de las promociones que haya aprovechado, o el plan de pagos que se coordine con la Institución. Todos los posgrados pueden abonarse en cuotas, siguiendo un plan mensual de pagos que acompañan la cursada. No obstante, es posible extender los planes de pago en forma flexible, con valores de cuota a su alcance.</p><p style=""font-family: Roboto, sans-serif;font-size: 16.96px"">Quienes cursen desde fuera de Uruguay pueden pagar de forma segura a través de la plataforma de pago de la institución, mientras las personas que cursan en el país, disponen de otras vías para pagar.</p><p style=""margin-bottom: 0px;font-family: Roboto, sans-serif;font-size: 16.96px"">Las becas para cursar en FLACSO Uruguay están sujetas a convenios inter institucionales y son limitadas por cohorte. Para obtener más información sobre las posibles becas disponibles puede comunicarse con la asistente académica.</p>",
24166,Diplomado de Especialización en Género con Orientación en Salud Integral,"<!-- wp:paragraph -->

El Diplomado de Especialización en Género con orientación en Salud Integral se cursa de forma semi presencial <strong>a través de la plataforma virtual de FLACSO Uruguay, y a través de clases sincrónicas vía zoom.</strong>

<!-- /wp:paragraph -->",,"<!-- wp:paragraph -->

Se desarrollará en un total de 12 meses (ciclo 1 + ciclo 2), implica 36 créditos académicos.

<!-- /wp:paragraph -->",12,"<!-- wp:paragraph -->

Contribuir y enriquecer el campo de la salud mediante la incorporación de la perspectiva de género, interseccional y de derechos humanos.

<!-- /wp:paragraph -->

<!-- wp:paragraph -->

Contribuir con las políticas públicas en el campo de la salud.

<!-- /wp:paragraph -->

<!-- wp:paragraph -->

Profundizar en el desarrollo académico de los estudios de género en la temática de salud integral.

<!-- /wp:paragraph -->

<!-- wp:paragraph -->

Ser un espacio formativo y de generación de producción académica que permita enriquecer el debate y el conocimiento en el campo de la salud integral.

<!-- /wp:paragraph -->","<!-- wp:paragraph -->

Esta formación está dirigida a profesionales de distintas disciplinas en variados ámbitos de inserción laboral, especialmente del ámbito de la salud, con interés en contribuir a proponer soluciones y/o generar procesos de respuesta a la problemática de las desigualdades de género en el campo de la salud integral.

<!-- /wp:paragraph -->","<!-- wp:paragraph -->

Para matricular en el Diplomado de Especialización en Género las personas interesadas deben cumplir con los siguientes puntos:

<!-- /wp:paragraph -->

<!-- wp:list -->
<ul class=""wp-block-list"">
 	<li style=""list-style-type: none"">
<ul class=""wp-block-list""><!-- wp:list-item -->
 	<li>Completar el formulario de preinscripción disponible <a href=""https://forms.gle/7wXBD2Ezj9m4g9CS9"" target=""_blank"" rel=""noreferrer noopener"">AQUÍ</a><a href=""https://forms.gle/ssZSdkAFjsmZeTxd6"" target=""_blank"" rel=""noreferrer noopener"">,</a> y añadir los siguientes documentos:</li>
</ul>
</li>
</ul>
<!-- /wp:list-item -->

<!-- wp:list-item -->
<ul class=""wp-block-list"">
 	<li style=""list-style-type: none"">
<ul class=""wp-block-list"">
 	<li>Documento de identidad (escaneado)</li>
</ul>
</li>
</ul>
<!-- /wp:list-item -->

<!-- wp:list-item -->
<ul class=""wp-block-list"">
 	<li style=""list-style-type: none"">
<ul class=""wp-block-list"">
 	<li>Título de grado (escaneado)</li>
</ul>
</li>
</ul>
<!-- /wp:list-item -->

<!-- wp:list-item -->
<ul class=""wp-block-list"">
 	<li style=""list-style-type: none"">
<ul class=""wp-block-list"">
 	<li>Breve currículum vitae (máximo 2 carillas)</li>
</ul>
</li>
</ul>
<!-- /wp:list-item -->

<!-- wp:list-item -->
<ul class=""wp-block-list"">
 	<li style=""list-style-type: none"">
<ul class=""wp-block-list"">
 	<li>Realizar el pago de los aranceles correspondientes</li>
</ul>
</li>
</ul>
<!-- /wp:list-item -->

<!-- /wp:list -->","<!-- wp:list -->
<ul class=""wp-block-list"">
 	<li style=""list-style-type: none"">
<ul class=""wp-block-list""><!-- wp:list-item -->
 	<li>Puedan contribuir y enriquecer el campo de la salud mediante la incorporación de la perspectiva de género, interseccional y de derechos humanos.</li>
</ul>
</li>
</ul>
<!-- /wp:list-item -->

<!-- wp:list-item -->
<ul class=""wp-block-list"">
 	<li style=""list-style-type: none"">
<ul class=""wp-block-list"">
 	<li>Puedan enriquecer el debate y el conocimiento sobre la temática.</li>
</ul>
</li>
</ul>
<!-- /wp:list-item -->

<!-- wp:list-item -->
<ul class=""wp-block-list"">
 	<li style=""list-style-type: none"">
<ul class=""wp-block-list"">
 	<li>Puedan incorporar la perspectiva de género en las prácticas clínicas de la salud, para garantizar la igualdad de género en este campo.</li>
</ul>
</li>
</ul>
<!-- /wp:list-item -->

<!-- wp:list-item -->
<ul class=""wp-block-list"">
 	<li style=""list-style-type: none"">
<ul class=""wp-block-list"">
 	<li>Adquieran un conocimiento sólido sobre los principales conceptos y desafíos que plantea el campo de la salud en Uruguay y en América Latina.</li>
</ul>
</li>
</ul>
<!-- /wp:list-item -->

<!-- wp:list-item -->
<ul class=""wp-block-list"">
 	<li style=""list-style-type: none"">
<ul class=""wp-block-list"">
 	<li>Accedan a las principales discusiones y debates actuales en esta área y que puedan formular nuevas interrogantes que retroalimenten los avances en la producción de esta problemática.</li>
</ul>
</li>
</ul>
<!-- /wp:list-item -->

<!-- wp:list-item -->
<ul class=""wp-block-list"">
 	<li style=""list-style-type: none"">
<ul class=""wp-block-list"">
 	<li>Incorporen capacidades teóricas y metodológicas para el diseño de proyectos, programas y políticas públicas en la materia, así como la formulación de  acciones de intervención directa.</li>
</ul>
</li>
</ul>
<!-- /wp:list-item -->

<!-- /wp:list -->","<!-- wp:paragraph -->

Las personas egresadas  reciben un título de:

<!-- /wp:paragraph -->

<!-- wp:paragraph -->

Diplomado de Especialización en Género con orientación en Salud Integral

<!-- /wp:paragraph -->","<!-- wp:paragraph -->

Para egresar del Diplomado de Especialización en Género las personas cursantes deben cumplir con los siguientes puntos:

<!-- /wp:paragraph -->

<!-- wp:list -->
<ul class=""wp-block-list"">
 	<li style=""list-style-type: none"">
<ul class=""wp-block-list""><!-- wp:list-item -->
 	<li>Asistir al 80% de las instancias sincrónicas</li>
</ul>
</li>
</ul>
<!-- /wp:list-item -->

<!-- wp:list-item -->
<ul class=""wp-block-list"">
 	<li style=""list-style-type: none"">
<ul class=""wp-block-list"">
 	<li>Aprobar los seminarios temáticos</li>
</ul>
</li>
</ul>
<!-- /wp:list-item -->

<!-- wp:list-item -->
<ul class=""wp-block-list"">
 	<li style=""list-style-type: none"">
<ul class=""wp-block-list"">
 	<li>Aprobar el Trabajo Final (Proyecto de Investigación o Intervención)</li>
</ul>
</li>
</ul>
<!-- /wp:list-item -->

<!-- /wp:list -->","<p style=""font-family: Roboto, sans-serif;font-size: 16.96px"">FLACSO ofrece financiación flexible, el monto de las cuotas puede variar dependiendo de las promociones que haya aprovechado, o el plan de pagos que se coordine con la Institución. Todos los posgrados pueden abonarse en cuotas, siguiendo un plan mensual de pagos que acompañan la cursada. No obstante, es posible extender los planes de pago en forma flexible, con valores de cuota a su alcance.</p><p style=""font-family: Roboto, sans-serif;font-size: 16.96px"">Quienes cursen desde fuera de Uruguay pueden pagar de forma segura a través de la plataforma de pago de la institución, mientras las personas que cursan en el país, disponen de otras vías para pagar.</p><p style=""margin-bottom: 0px;font-family: Roboto, sans-serif;font-size: 16.96px"">Las becas para cursar en FLACSO Uruguay están sujetas a convenios inter institucionales y son limitadas por cohorte. Para obtener más información sobre las posibles becas disponibles puede comunicarse con la asistente académica.</p>",
24167,Diplomado de Especialización en Género con Orientación en Violencia Basada en Género,"<!-- wp:paragraph -->

El Diplomado de Especialización en Género con orientación en Políticas Públicas Integrales se cursa de forma semi presencial a través de la plataforma virtual de FLACSO Uruguay, y a través de clases sincrónicas vía zoom (para algunos seminarios se ofrece la posibilidad de cursar de forma presencial)

<!-- /wp:paragraph -->",,"<!-- wp:paragraph -->

Se desarrollará en un total de 12 meses (ciclo 1 + ciclo 2), implica 36 créditos académicos.

<!-- /wp:paragraph -->",12,"<!-- wp:heading -->
<h3 class=""wp-block-heading""><strong>Objetivo general</strong></h3>
<!-- /wp:heading -->

<!-- wp:paragraph -->

Consolidar líneas de formación interdisciplinaria sobre la Violencia de Género. Se trata de promover una formación integral para la intervención en materia de prevención, atención e investigación en el campo de la violencia de género y en el diseño e implementación de políticas públicas en la materia.

<!-- /wp:paragraph -->

<!-- wp:heading -->
<h3 class=""wp-block-heading""><strong>Objetivos específicos </strong></h3>
<!-- /wp:heading -->

<!-- wp:list -->
<ul class=""wp-block-list"">
 	<li style=""list-style-type: none"">
<ul class=""wp-block-list""><!-- wp:list-item -->
 	<li>Promover la adquisición de conocimientos sobre los principales conceptos del campo de los estudios de género y políticas públicas con perspectiva de género.</li>
</ul>
</li>
</ul>
<!-- /wp:list-item -->

<!-- wp:list-item -->
<ul class=""wp-block-list"">
 	<li style=""list-style-type: none"">
<ul class=""wp-block-list"">
 	<li>Generar un campo de conocimientos que permitan especializar las capacidades de profesionales de diversos ámbitos que les posibilite accionar en distintas dimensiones (atención directa, prevención, diseño e implementación de políticas públicas).</li>
</ul>
</li>
</ul>
<!-- /wp:list-item -->

<!-- wp:list-item -->
<ul class=""wp-block-list"">
 	<li style=""list-style-type: none"">
<ul class=""wp-block-list"">
 	<li>Promover la práctica profesional en diálogo con las teorías que le da fundamento; los conocimientos estarán orientados a revisar críticamente los supuestos, las prácticas y fortalecer las capacidades en el desempeño de las personas cursantes en sus ámbitos de trabajo o espacios de incidencia.</li>
</ul>
</li>
</ul>
<!-- /wp:list-item -->

<!-- /wp:list -->","<!-- wp:paragraph -->

Esta formación está dirigida a profesionales de distintas disciplinas en variados ámbitos de inserción laboral con interés en contribuir a proponer soluciones o generar procesos de respuesta a la problemática.

<!-- /wp:paragraph -->","<!-- wp:paragraph -->

Para matricular en el Diploma en Género las personas interesadas deben cumplir con los siguientes puntos:

<!-- /wp:paragraph -->

<!-- wp:list -->
<ul class=""wp-block-list"">
 	<li style=""list-style-type: none"">
<ul class=""wp-block-list""><!-- wp:list-item -->
 	<li>Completar el formulario de preinscripción disponible <a href=""https://forms.gle/zBLNxHH6hZU5VvZ16"" data-type=""link"" data-id=""https://forms.gle/zBLNxHH6hZU5VvZ16"">AQUÍ</a><a href=""https://forms.gle/ssZSdkAFjsmZeTxd6"">,</a> y añadir los siguientes documentos:</li>
</ul>
</li>
</ul>
<!-- /wp:list-item -->

<!-- wp:list-item -->
<ul class=""wp-block-list"">
 	<li style=""list-style-type: none"">
<ul class=""wp-block-list"">
 	<li>Documento de identidad (escaneado)</li>
</ul>
</li>
</ul>
<!-- /wp:list-item -->

<!-- wp:list-item -->
<ul class=""wp-block-list"">
 	<li style=""list-style-type: none"">
<ul class=""wp-block-list"">
 	<li>Título de grado (escaneado)</li>
</ul>
</li>
</ul>
<!-- /wp:list-item -->

<!-- wp:list-item -->
<ul class=""wp-block-list"">
 	<li style=""list-style-type: none"">
<ul class=""wp-block-list"">
 	<li>Breve currículum vitae (máximo 2 carillas)</li>
</ul>
</li>
</ul>
<!-- /wp:list-item -->

<!-- wp:list-item -->
<ul class=""wp-block-list"">
 	<li style=""list-style-type: none"">
<ul class=""wp-block-list"">
 	<li>Realizar el pago de la matrícula</li>
</ul>
</li>
</ul>
<!-- /wp:list-item -->

<!-- /wp:list -->","<!-- wp:paragraph -->

Se pretende que las personas que cursan:

<!-- /wp:paragraph -->

<!-- wp:list -->
<ul class=""wp-block-list"">
 	<li style=""list-style-type: none"">
<ul class=""wp-block-list""><!-- wp:list-item -->
 	<li>Obtengan los principales conceptos en el campo de los estudios de género y políticas públicas con perspectiva de género.</li>
</ul>
</li>
</ul>
<!-- /wp:list-item -->

<!-- wp:list-item -->
<ul class=""wp-block-list"">
 	<li style=""list-style-type: none"">
<ul class=""wp-block-list"">
 	<li>Adquieran un conocimiento sólido sobre los principales conceptos y desafíos que plantea el campo de la violencia de género en Uruguay y en América Latina.</li>
</ul>
</li>
</ul>
<!-- /wp:list-item -->

<!-- wp:list-item -->
<ul class=""wp-block-list"">
 	<li style=""list-style-type: none"">
<ul class=""wp-block-list"">
 	<li>Accedan a las principales discusiones y debates actuales en esta área y que puedan formular nuevas interrogantes que retroalimenten los avances en la producción de esta problemática.</li>
</ul>
</li>
</ul>
<!-- /wp:list-item -->

<!-- wp:list-item -->
<ul class=""wp-block-list"">
 	<li style=""list-style-type: none"">
<ul class=""wp-block-list"">
 	<li>Adquieran herramientas teóricas y metodológicas que posibiliten el análisis de las situaciones de subordinación, sometimiento y violencia a las que están expuestas las mujeres cis y trans en nuestro país.</li>
</ul>
</li>
</ul>
<!-- /wp:list-item -->

<!-- /wp:list -->

<!-- wp:paragraph -->

Fortalezcan sus capacidades para el desarrollo de acciones de intervención directa en las situaciones de violencia basada en género y para el diseño de proyectos, programas y políticas públicas en la materia.

<!-- /wp:paragraph -->","<!-- wp:paragraph -->

Las personas egresadas del Diploma reciben un título de:

<!-- /wp:paragraph -->

<!-- wp:paragraph -->

Diplomado de Especialización en Género con orientación en Violencia basada en Género

<!-- /wp:paragraph -->","<!-- wp:paragraph -->

Para egresar del Diploma en Género las personas cursantes deben cumplir con los siguientes puntos:

<!-- /wp:paragraph -->

<!-- wp:list -->
<ul class=""wp-block-list"">
 	<li style=""list-style-type: none"">
<ul class=""wp-block-list""><!-- wp:list-item -->
 	<li>Asistir al 80% de las instancias sincrónicas</li>
</ul>
</li>
</ul>
<!-- /wp:list-item -->

<!-- wp:list-item -->
<ul class=""wp-block-list"">
 	<li style=""list-style-type: none"">
<ul class=""wp-block-list"">
 	<li>Aprobar los seminarios temáticos</li>
</ul>
</li>
</ul>
<!-- /wp:list-item -->

<!-- wp:list-item -->
<ul class=""wp-block-list"">
 	<li style=""list-style-type: none"">
<ul class=""wp-block-list"">
 	<li>Aprobar el Trabajo Final (Proyecto de Investigación o Intervención)</li>
</ul>
</li>
</ul>
<!-- /wp:list-item -->

<!-- /wp:list -->","<p style=""font-family: Roboto, sans-serif;font-size: 16.96px"">FLACSO ofrece financiación flexible, el monto de las cuotas puede variar dependiendo de las promociones que haya aprovechado, o el plan de pagos que se coordine con la Institución. Todos los posgrados pueden abonarse en cuotas, siguiendo un plan mensual de pagos que acompañan la cursada. No obstante, es posible extender los planes de pago en forma flexible, con valores de cuota a su alcance.</p><p style=""font-family: Roboto, sans-serif;font-size: 16.96px"">Quienes cursen desde fuera de Uruguay pueden pagar de forma segura a través de la plataforma de pago de la institución, mientras las personas que cursan en el país, disponen de otras vías para pagar.</p><p style=""margin-bottom: 0px;font-family: Roboto, sans-serif;font-size: 16.96px"">Las becas para cursar en FLACSO Uruguay están sujetas a convenios inter institucionales y son limitadas por cohorte. Para obtener más información sobre las posibles becas disponibles puede comunicarse con la asistente académica.</p>",
24168,"Diplomado de Especialización sobre Violencias hacia Niñas, Niños y Adolescentes","<!-- wp:paragraph -->
<p>La cursada se realiza 100% virtual a través de la plataforma virtual de FLACSO Uruguay cuenta con encuentros&nbsp; a través de clases sincrónicas vía ZOOM.</p>
<!-- /wp:paragraph -->",,"<!-- wp:paragraph -->
<p>Se desarrollará en un total de <strong>12 meses</strong>, implica <strong>34 créditos académicos</strong></p>
<!-- /wp:paragraph -->",12,"<!-- wp:list -->
<ul class=""wp-block-list""><!-- wp:list-item -->
<li>Contribuir a la formación de profesionales de diversos ámbitos sobre la violencia hacia la infancia y adolescencia, fortaleciendo el accionar en distintas dimensiones (atención directa, prevención, investigación y producción de conocimientos, diseño e implementación de políticas públicas).</li>
<!-- /wp:list-item -->

<!-- wp:list-item -->
<li>Desarrollar habilidades que permitan a los y las estudiantes formular estrategias o propuestas de acción en el tema de la violencia hacia las infancias y las adolescencias, a través de la sistematización y aplicación de los conocimientos adquiridos, ponderando tanto la información a su alcance como los recursos, métodos, técnicas y/o modelos más idóneos.</li>
<!-- /wp:list-item -->

<!-- wp:list-item -->
<li>Contribuir al desarrollo de una práctica profesional sobre la violencia hacia las infancias y las adolescencias en diálogo con las teorías que le dan fundamento.</li>
<!-- /wp:list-item -->

<!-- wp:list-item -->
<li>Fortalecer las capacidades en el abordaje sobre violencia a hacia niños, niñas y adolescentes de las personas cursantes en sus ámbitos de trabajo o de inserción profesional, a través de una revisión crítica de supuestos y prácticas en este campo.</li>
<!-- /wp:list-item --></ul>
<!-- /wp:list -->","<!-- wp:paragraph -->
<p>La violencia hacia los niños, niñas y adolescentes es un problema global, que afecta uno de cada dos niños de dos a 17 años de edad (OMS, 2020). &nbsp; La formación profesional en este campo es incipiente, lo que genera grandes dificultades en el abordaje del problema, identificándose prácticas profesionales revictimizantes, basadas en preconceptos y en muchos casos produciendo efectos iatrogénicos.&nbsp;</p>
<!-- /wp:paragraph -->

<!-- wp:paragraph -->
<p>Desde este marco, FLACSO Uruguay ofrece un programa de formación académica y profesionalizante para el abordaje de la violencia hacia niños, niñas y adolescentes en diversos campos (diseño e implementación de políticas públicas, investigación, atención directa, docencia, prevención, entre otros).</p>
<!-- /wp:paragraph -->

<!-- wp:paragraph -->
<p>Importante tener en cuenta haber cursado el ciclo 1 del Posgrado</p>
<!-- /wp:paragraph -->","<!-- wp:list -->
<span style=""font-size: 0.95rem"">Completar el formulario de inscripción</span><br><ul class=""wp-block-list"">
<!-- /wp:list --></ul>
<!-- /wp:list -->

<!-- wp:list -->
<span style=""font-size: 0.95rem"">Añadir en el formulario de forma escaneada:</span><br><ul class=""wp-block-list"">
<!-- /wp:list-item --><li><span style=""font-size: 0.95rem"">Documento de identidad vigente.</span></li><li><span style=""font-size: 0.95rem"">Título universitario y/o terciario de al menos 4 años&nbsp;de duración (consulte en el caso de no contar con título de grado).&nbsp;</span></li><li><span style=""font-size: 0.95rem"">Breve Currículum Vitae (máximo de dos carillas)</span></li><li><span style=""font-size: 0.95rem"">Carta de motivación que exprese cuáles son sus objetivos profesionales a alcanzar.</span></li></ul><!-- /wp:list -->

<!-- wp:list -->
<ul class=""wp-block-list"">
<!-- /wp:list-item --></ul>
<!-- /wp:list -->","<!-- wp:paragraph -->
<p>Adquieran un conocimiento sólido sobre los principales conceptos, desafíos y modelos de intervención que plantea el campo de la violencia hacia los niños, niñas y adolescentes</p>
<!-- /wp:paragraph -->

<!-- wp:paragraph -->
<p>Adquieran herramientas teóricas y metodológicas para comprender, analizar e intervenir en las distintas formas de violencia que viven niñas, niños y adolescentes, con especial énfasis en la violencia sexual y en la violencia perpetrada en el ámbito doméstico.</p>
<!-- /wp:paragraph -->

<!-- wp:paragraph -->
<p>Accedan a las principales discusiones y debates actuales en esta área y que puedan formular nuevas interrogantes que retroalimentan los avances en la producción de esta problemática</p>
<!-- /wp:paragraph -->

<!-- wp:paragraph -->
<p>Fortalezcan sus capacidades para el desarrollo de acciones de intervención directa en el campo de la violencia sexual y de las violencias perpetradas en el ámbito doméstico hacia niños, niñas y adolescentes</p>
<!-- /wp:paragraph -->","<!-- wp:paragraph -->
<p>Los egresados del Diplomado reciben un título de:</p>
<!-- /wp:paragraph -->

<!-- wp:paragraph -->
<p></p><ul><li>Ciclo 1 -&nbsp;<span style=""font-size: 15.2px"">Diploma&nbsp; para el abordaje de las violencias hacia las infancias y adolescencias&nbsp;</span></li><li>Ciclo 2 -&nbsp;<span style=""font-size: 15.2px""><b>Diplomado de&nbsp; Especialización sobre violencia hacia niñas, niños y adolescentes</b></span></li></ul><p></p>
<!-- /wp:paragraph -->

<!-- wp:paragraph -->

<!-- /wp:paragraph -->","<!-- wp:paragraph -->
<p>Para egresar del <b>Diplomado de Especialización sobre violencia&nbsp; hacia niñas, niños y adolescentes</b></p>
<!-- /wp:paragraph -->

<!-- wp:paragraph -->
<p>Las personas cursantes deben cumplir con los siguientes puntos:</p>
<!-- /wp:paragraph -->

<!-- wp:list -->
<ul class=""wp-block-list""><!-- wp:list-item -->
<li>Asistir al 80% de las instancias sincrónicas</li>
<!-- /wp:list-item -->

<!-- wp:list-item -->
<li>Aprobar los seminarios temáticos</li>
<!-- /wp:list-item -->

<!-- wp:list-item -->
<li>Aprobar el Trabajo Final</li>
<!-- /wp:list-item --></ul>
<!-- /wp:list -->","<p style=""font-family: Roboto, sans-serif;font-size: 16.96px"">FLACSO ofrece financiación flexible, el monto de las cuotas puede variar dependiendo de las promociones que haya aprovechado, o el plan de pagos que se coordine con la Institución. Todos los posgrados pueden abonarse en cuotas, siguiendo un plan mensual de pagos que acompañan la cursada. No obstante, es posible extender los planes de pago en forma flexible, con valores de cuota a su alcance.</p><p style=""font-family: Roboto, sans-serif;font-size: 16.96px"">Quienes cursen desde fuera de Uruguay pueden pagar de forma segura a través de la plataforma de pago de la institución, mientras las personas que cursan en el país, disponen de otras vías para pagar.</p><p style=""margin-bottom: 0px;font-family: Roboto, sans-serif;font-size: 16.96px"">Las becas para cursar en FLACSO Uruguay están sujetas a convenios inter institucionales y son limitadas por cohorte. Para obtener más información sobre las posibles becas disponibles puede comunicarse con la asistente académica.</p>",
24169,"Diploma Comprendiendo China: Cultura, Filosofía y Construcción Histórica del Gigante Asiático","<!-- wp:paragraph -->
<p>Virtual, se cursa a través del campus virtual de FLACSO Uruguay y a través de instancias sincrónicas&nbsp;</p>
<!-- /wp:paragraph -->",Virtual con clases sincrónicas vía Zoom,"<!-- wp:paragraph -->
<p><b>Duración</b>: 3 meses y medio.</p><p><b style=""font-size: 0.95rem"">Carga horaria</b><span style=""font-size: 0.95rem"">: 154 horas.</span></p><p><b style=""font-size: 0.95rem"">Créditos</b><span style=""font-size: 0.95rem"">: 9.5.</span></p><p>Las horas corresponden a cursada en línea, instancias sincrónicas y horas independientes de estudio.</p>
<!-- /wp:paragraph -->",3.5,"<!-- wp:paragraph -->
<p><strong>Objetivo general</strong></p>
<!-- /wp:paragraph -->

<!-- wp:paragraph -->
<p>Promover el conocimiento de las particularidades de China de forma integral, indagando y recorriendo los principales pilares filosóficos, las principales corrientes de pensamiento y los aspectos culturales que componen y definen la complejidad política, económica y social de China para comprender el rol que la potencia emergente tiene en la actualidad.&nbsp;</p>
<!-- /wp:paragraph -->

<!-- wp:paragraph -->
<p><strong>Objetivos específicos</strong></p>
<!-- /wp:paragraph -->

<!-- wp:list -->
<ul class=""wp-block-list""><!-- wp:list-item -->
<li>Acercar a las personas cursantes a la comprensión de las ideas-fuerza de cada una de las corrientes filosóficas -confucianismo, daoísmo, buddhismo- que moldean la cultura y cosmovisión chinas.&nbsp;</li>
<!-- /wp:list-item -->

<!-- wp:list-item -->
<li>Fomentar la comprensión del proceso de desarrollo histórico de China, desde sus tiempos antiguos hasta el presente.&nbsp;</li>
<!-- /wp:list-item -->

<!-- wp:list-item -->
<li>Capacitar en la comprensión del sistema político chino y de las bases filosóficas que orientan las líneas de acción del gobierno.</li>
<!-- /wp:list-item -->

<!-- wp:list-item -->
<li>Facilitar a las personas cursantes la comprensión del sistema de cooperación e inversiones desplegado por China y la creación de un nuevo modelo de potencia mundial.&nbsp;</li>
<!-- /wp:list-item -->

<!-- wp:list-item -->
<li>Comprender los&nbsp; nuevos avances de china como cyber potencia y las interrelaciones con los desafíos que presentan las tendencias geopolíticas. Entender cómo esto impacta en las diversas concepciones de la ciencia ficción como espacio para pensar el presente.</li>
<!-- /wp:list-item --></ul>
<!-- /wp:list -->","<!-- wp:paragraph -->
<p>A personas egresadas universitarias o de educación terciaria con interés en profundizar sobre China, sus bases culturales, civilizatorias y la construcción de sus relaciones internacionales.</p>
<!-- /wp:paragraph -->","<!-- wp:paragraph -->
<p>Completar el formulario en línea en el que se solicitará:</p>
<!-- /wp:paragraph -->

<!-- wp:list -->
<ul class=""wp-block-list""><!-- wp:list-item -->
<li>CV resumido</li>
<!-- /wp:list-item -->

<!-- wp:list-item -->
<li>Documento de identidad escaneado</li>
<!-- /wp:list-item -->

<!-- wp:list-item -->
<li>Título de grado escaneado</li>
<!-- /wp:list-item --></ul>
<!-- /wp:list -->","<p>Quien egresa del diploma será capaz de comprender rasgos generales de la cultura china lo que le permitirá tener herramientas para leer las respuestas y acciones de este país en el mundo contemporáneo y su rol en la dinámica de las relaciones de poder internacionales.<br>El diploma ofrece a las personas cursantes una visión integral de los principales aspectos relevantes de la realidad China mediante el abordaje de cuatro seminarios que brindarán una comprensión general de las características de la filosofía, la cultura, la política, la historia y el gobierno de la China contemporánea.</p>",,,"<p style=""font-family: Roboto, sans-serif;font-size: 16.96px"">FLACSO ofrece financiación flexible, el monto de las cuotas puede variar dependiendo de las promociones que haya aprovechado, o el plan de pagos que se coordine con la Institución. Todos los posgrados pueden abonarse en cuotas, siguiendo un plan mensual de pagos que acompañan la cursada. No obstante, es posible extender los planes de pago en forma flexible, con valores de cuota a su alcance.</p><p style=""font-family: Roboto, sans-serif;font-size: 16.96px"">Quienes cursen desde fuera de Uruguay pueden pagar de forma segura a través de la plataforma de pago de la institución, mientras las personas que cursan en el país, disponen de otras vías para pagar.</p><p style=""margin-bottom: 0px;font-family: Roboto, sans-serif;font-size: 16.96px"">Las becas para cursar en FLACSO Uruguay están sujetas a convenios inter institucionales y son limitadas por cohorte. Para obtener más información sobre las posibles becas disponibles puede comunicarse con la asistente académica.</p>","<h3>Becas disponibles</h3>

<p>
  Está abierta la convocatoria a becas 2026 para el
  <strong>Diploma Comprendiendo China</strong>. Las personas interesadas podrán
  postular a una beca de hasta el <strong>80%</strong> para cursar esta propuesta
  en modalidad virtual.
</p>

<p>
  <strong>Cierre de postulación:</strong> 26 de julio de 2026.
</p>

<p>
  <a href=""https://flacso.edu.uy/convocatoria-becas-2026-diploma-comprendiendo-china/"" target=""_blank"" rel=""noopener"">
    Ver convocatoria y postular a beca
  </a>
</p>"
24170,Diploma en Abordaje de las Violencias hacia las Infancias y Adolescencias,"<!-- wp:paragraph -->
<p>La cursada se realiza 100% virtual a través de la plataforma virtual de FLACSO Uruguay cuenta con encuentros&nbsp; a través de clases sincrónicas vía ZOOM.</p>
<!-- /wp:paragraph -->","Virtual, con instancias sincrónicas vía Zoom","<!-- wp:paragraph -->
<p>Tiene una duración de 12 meses compuesto por dos ciclos<br><strong>Ciclo 1</strong> - 4 meses <br><strong>Ciclo 2 </strong>- 8 meses</p>
<!-- /wp:paragraph -->",4,"<!-- wp:paragraph -->
<p>Consolidamos líneas de formación interdisciplinaria con una perspectiva de género y derechos humanos en el abordaje de la violencia hacia infancias y adolescencias. Promovemos una formación integral que facilite recursos para la prevención, atención e investigación en este campo, así como para el diseño, implementación y evaluación de políticas públicas en la materia.</p>
<!-- /wp:paragraph -->","<!-- wp:paragraph -->
<p>La formación profesional en este campo es incipiente, lo que genera grandes dificultades en el abordaje del problema, identificándose prácticas profesionales revictimizantes.</p>
<!-- /wp:paragraph -->","<!-- wp:paragraph -->
<p>Completar el formulario de inscripción.<br>Añadir en el formulario de forma escaneada:</p>
<!-- /wp:paragraph -->

<!-- wp:list {""ordered"":true} -->
<ol class=""wp-block-list""><!-- wp:list-item -->
<li>Documento de identidad vigente.</li>
<!-- /wp:list-item -->

<!-- wp:list-item -->
<li>Título universitario y/o terciario de al menos 4 años&nbsp;de duración (consulte en el caso de no contar con título de grado).&nbsp;</li>
<!-- /wp:list-item -->

<!-- wp:list-item -->
<li>Breve Currículum Vitae (máximo de dos carillas)</li>
<!-- /wp:list-item -->

<!-- wp:list-item -->
<li>Carta de motivación que exprese cuáles son sus objetivos profesionales a alcanzar.&nbsp;</li>
<!-- /wp:list-item --></ol>
<!-- /wp:list -->","<!-- wp:paragraph -->
<p>Se pretende que las personas cursantes incorporen las principales teorías y conceptos centrales en el campo de los estudios de violencia hacia las infancias y adolescencias. Que accedan a los principales debates y discusiones teóricas y metodológicas en este campo y adquieran herramientas para el desarrollo de acciones de&nbsp;intervención directa, prevención y elaboración de políticas públicas.</p>
<!-- /wp:paragraph -->","<!-- wp:paragraph -->
<p><b>Diploma&nbsp; para el abordaje de las violencias hacia las infancias y adolescencias&nbsp;</b></p>
<!-- /wp:paragraph -->

<!-- wp:paragraph -->
<p>Siendo este el <b>ciclo 1</b> del Posgrado del <span style=""text-decoration: underline"">Diplomado de Especialización sobre violencia hacia niñas, niños y adolescentes</span>.</p>
<!-- /wp:paragraph -->","<!-- wp:paragraph -->
<p>Para egresar del Diploma del abordaje de las violencias hacia las infancias y adolescencias.</p>
<!-- /wp:paragraph -->

<!-- wp:paragraph -->
<p>Las personas cursantes deben cumplir con los siguientes puntos:</p>
<!-- /wp:paragraph -->

<!-- wp:list -->
<ul class=""wp-block-list""><!-- wp:list-item -->
<li>Asistir al 80% de las instancias sincrónicas</li>
<!-- /wp:list-item -->

<!-- wp:list-item -->
<li>Aprobar los seminarios temáticos</li>
<!-- /wp:list-item -->

<!-- wp:list-item -->
<li>Aprobar el Trabajo Final</li>
<!-- /wp:list-item --></ul>
<!-- /wp:list -->","<p style=""font-family: Roboto, sans-serif;font-size: 16.96px"">FLACSO ofrece financiación flexible, el monto de las cuotas puede variar dependiendo de las promociones que haya aprovechado, o el plan de pagos que se coordine con la Institución. Todos los posgrados pueden abonarse en cuotas, siguiendo un plan mensual de pagos que acompañan la cursada. No obstante, es posible extender los planes de pago en forma flexible, con valores de cuota a su alcance.</p><p style=""font-family: Roboto, sans-serif;font-size: 16.96px"">Quienes cursen desde fuera de Uruguay pueden pagar de forma segura a través de la plataforma de pago de la institución, mientras las personas que cursan en el país, disponen de otras vías para pagar.</p><p style=""margin-bottom: 0px;font-family: Roboto, sans-serif;font-size: 16.96px"">Las becas para cursar en FLACSO Uruguay están sujetas a convenios inter institucionales y son limitadas por cohorte. Para obtener más información sobre las posibles becas disponibles puede comunicarse con la asistente académica.</p>",
24171,Diploma en Género,"<!-- wp:paragraph -->

Virtual, a través de la plataforma virtual y con clases sincrónicas vía ZOOM.

<!-- /wp:paragraph -->","Virtual, con instancias sincrónicas vía Zoom","<!-- wp:paragraph -->

Se desarrollará en un total de 3 meses, implica 9 créditos académicos.

<!-- /wp:paragraph -->",3,"<!-- wp:paragraph -->

Introducir a profesionales de distintos ámbitos y niveles de inserción al conocimiento vinculado con el campo de los estudios de género e interseccionales, con foco en la problematización e identificación de problemas sociales vinculados con las áreas de especificidad del Diploma.

<!-- /wp:paragraph -->","<!-- wp:paragraph -->

Este posgrado está dirigido a personas de diferentes disciplinas interesadas en el campo de los estudios de género y su diálogo con otros ejes conceptuales y todas aquellas personas que busquen comprender las estructuras de desigualdad identificando los principales obstáculos para proponer soluciones en distintos ámbitos y niveles.

<!-- /wp:paragraph -->","<!-- wp:paragraph -->

Para matricular en el Diploma en Género las personas interesadas deben cumplir con los siguientes puntos:

<!-- /wp:paragraph -->

<!-- wp:list -->
<ul class=""wp-block-list"">
 	<li style=""list-style-type: none"">
<ul class=""wp-block-list""><!-- wp:list-item -->
 	<li>Completar el formulario de preinscripción&nbsp;y añadir los siguientes documentos:</li>
</ul>
</li>
</ul>
<!-- /wp:list-item -->

<!-- wp:list-item -->
<ul class=""wp-block-list"">
 	<li style=""list-style-type: none"">
<ul class=""wp-block-list"">
 	<li>Documento de identidad (escaneado)</li>
</ul>
</li>
</ul>
<!-- /wp:list-item -->

<!-- wp:list-item -->
<ul class=""wp-block-list"">
 	<li style=""list-style-type: none"">
<ul class=""wp-block-list"">
 	<li>Título de grado (escaneado)</li>
</ul>
</li>
</ul>
<!-- /wp:list-item -->

<!-- wp:list-item -->
<ul class=""wp-block-list"">
 	<li style=""list-style-type: none"">
<ul class=""wp-block-list"">
 	<li>Breve currículum vitae (máximo 2 carillas)</li>
</ul>
</li>
</ul>
<!-- /wp:list-item -->

<!-- wp:list-item -->
<ul class=""wp-block-list"">
 	<li style=""list-style-type: none"">
<ul class=""wp-block-list"">
 	<li>Realizar el pago de la matrícula</li>
</ul>
</li>
</ul>
<!-- /wp:list-item -->

<!-- /wp:list -->","<!-- wp:paragraph -->

Quienes se gradúen del Diploma en Género serán capaces de incidir de manera calificada y eficiente en diversos campos profesionales, tales como docencia, investigación, política pública, empresas privadas y organizaciones de la sociedad civil, entre otros. Quienes cursen obtendrán capacidades para problematizar los temas vinculados con la igualdad de oportunidades y derechos, la violencia basada en género, la salud integral y los fenómenos asociados con el cambio climático y los desastres. A su vez quienes egresen podrán incidir en la generación de capacidades y el fortalecimiento de las instituciones en dónde se desempeñan profesionalmente, promoviendo de esta manera los procesos de democratización de las sociedades.

<!-- /wp:paragraph -->","<!-- wp:paragraph -->

Las personas egresadas del Diploma reciben un título de:

<!-- /wp:paragraph -->

<!-- wp:paragraph -->

Diploma en Género con orientación en:

<!-- /wp:paragraph -->

<!-- wp:list -->
<ul class=""wp-block-list"">
 	<li style=""list-style-type: none"">
<ul class=""wp-block-list""><!-- wp:list-item -->
 	<li>Políticas Públicas Integrales</li>
</ul>
</li>
</ul>
<!-- /wp:list-item -->

<!-- wp:list-item -->
<ul class=""wp-block-list"">
 	<li style=""list-style-type: none"">
<ul class=""wp-block-list"">
 	<li>Violencia basada en Género</li>
</ul>
</li>
</ul>
<!-- /wp:list-item -->

<!-- wp:list-item -->
<ul class=""wp-block-list"">
 	<li style=""list-style-type: none"">
<ul class=""wp-block-list"">
 	<li>Cambio Climático y Desastres</li>
</ul>
</li>
</ul>
<!-- /wp:list-item -->

<!-- wp:list-item -->
<ul class=""wp-block-list"">
 	<li style=""list-style-type: none"">
<ul class=""wp-block-list"">
 	<li>Salud Integral</li>
</ul>
</li>
</ul>
<!-- /wp:list-item -->

<!-- /wp:list -->","<!-- wp:paragraph -->

Para egresar del Diploma en Género las personas cursantes deben cumplir con los siguientes puntos:

<!-- /wp:paragraph -->

<!-- wp:list -->
<ul class=""wp-block-list"">
 	<li style=""list-style-type: none"">
<ul class=""wp-block-list""><!-- wp:list-item -->
 	<li>Asistir al 80% de las instancias sincrónicas</li>
</ul>
</li>
</ul>
<!-- /wp:list-item -->

<!-- wp:list-item -->
<ul class=""wp-block-list"">
 	<li style=""list-style-type: none"">
<ul class=""wp-block-list"">
 	<li>Aprobar los seminarios temáticos</li>
</ul>
</li>
</ul>
<!-- /wp:list-item -->

<!-- wp:list-item -->
<ul class=""wp-block-list"">
 	<li style=""list-style-type: none"">
<ul class=""wp-block-list"">
 	<li>Aprobar el Trabajo Final (Pre Proyecto)</li>
</ul>
</li>
</ul>
<!-- /wp:list-item -->

<!-- /wp:list -->","<p style=""font-family: Roboto, sans-serif;font-size: 16.96px"">FLACSO ofrece financiación flexible, el monto de las cuotas puede variar dependiendo de las promociones que haya aprovechado, o el plan de pagos que se coordine con la Institución. Todos los posgrados pueden abonarse en cuotas, siguiendo un plan mensual de pagos que acompañan la cursada. No obstante, es posible extender los planes de pago en forma flexible, con valores de cuota a su alcance.</p><p style=""font-family: Roboto, sans-serif;font-size: 16.96px"">Quienes cursen desde fuera de Uruguay pueden pagar de forma segura a través de la plataforma de pago de la institución, mientras las personas que cursan en el país, disponen de otras vías para pagar.</p><p style=""margin-bottom: 0px;font-family: Roboto, sans-serif;font-size: 16.96px"">Las becas para cursar en FLACSO Uruguay están sujetas a convenios inter institucionales y son limitadas por cohorte. Para obtener más información sobre las posibles becas disponibles puede comunicarse con la asistente académica.</p>",
24172,Diploma en IA y Prácticas de Enseñanza,"<!-- wp:paragraph -->
<p>Virtual con instancias sincrónicas</p>
<!-- /wp:paragraph -->",Virtual con clases sincrónicas vía Zoom,"<!-- wp:paragraph -->
<p>3 meses y medio</p>
<!-- /wp:paragraph -->",3.5,"<!-- wp:paragraph -->
<p>Capacitar a docentes en el uso estratégico y ético de la Inteligencia Artificial (IA) generativa como herramienta para potenciar la planificación, el diseño de actividades y la evaluación de aprendizajes, promoviendo la innovación pedagógica en el nivel superior</p>
<!-- /wp:paragraph -->",,"<!-- wp:paragraph -->
<p>Dirigido a docentes en ejercicio o en formación de niveles medio y superior, con interés en integrar herramientas de Inteligencia Artificial generativa en sus prácticas de enseñanza, desde una perspectiva pedagógica, ética y situada.<br><br>Para matricular en el Diploma las personas interesadas deben cumplir con los siguientes puntos:</p>
<!-- /wp:paragraph -->

<!-- wp:list -->
<ul class=""wp-block-list""><!-- wp:list-item -->
<li>Realizar el pago de la matrícula</li>
<!-- /wp:list-item -->

<!-- wp:list-item -->
<li>Completar el formulario de preinscripción disponible AQUÍ<a href=""https://forms.gle/ssZSdkAFjsmZeTxd6"">,</a> y añadir los siguientes documentos:</li>
<!-- /wp:list-item -->

<!-- wp:list-item -->
<li>Documento de identidad (escaneado)</li>
<!-- /wp:list-item -->

<!-- wp:list-item -->
<li>Título de grado (escaneado)</li>
<!-- /wp:list-item -->

<!-- wp:list-item -->
<li>Breve currículum vitae (máximo 2 carillas)</li>
<!-- /wp:list-item --></ul>
<!-- /wp:list -->","<!-- wp:paragraph -->
<p>Al finalizar el diploma, los y las participantes serán capaces de:</p>
<!-- /wp:paragraph -->

<!-- wp:list -->
<ul class=""wp-block-list""><!-- wp:list-item -->
<li>Comprender los fundamentos y aplicaciones de la IA generativa en contextos educativos.<br></li>
<!-- /wp:list-item -->

<!-- wp:list-item -->
<li>Utilizar herramientas de IA generativa para diseñar, planificar y evaluar propuestas pedagógicas.<br></li>
<!-- /wp:list-item -->

<!-- wp:list-item -->
<li>Formular instrucciones (prompts) efectivos para obtener resultados pertinentes a sus necesidades docentes.<br></li>
<!-- /wp:list-item -->

<!-- wp:list-item -->
<li>Identificar las oportunidades y los riesgos del uso de IA en la educación desde una mirada ética y crítica.<br></li>
<!-- /wp:list-item -->

<!-- wp:list-item -->
<li>Aplicar los conocimientos adquiridos en la mejora concreta de una práctica de enseñanza propia.<br></li>
<!-- /wp:list-item -->

<!-- wp:list-item -->
<li>Contribuir al debate institucional y profesional sobre el rol de la IA en el ámbito educativo.</li>
<!-- /wp:list-item --></ul>
<!-- /wp:list -->","<!-- wp:paragraph -->
<p>Las personas egresadas del Diploma reciben un título de posgrado: Diploma en IA y prácticas de enseñanza</p>
<!-- /wp:paragraph -->","<!-- wp:list -->
<ul class=""wp-block-list""><!-- wp:list-item -->
<li>La realización de las tres actividades obligatorias correspondientes a cada módulo.</li>
<!-- /wp:list-item -->

<!-- wp:list-item -->
<li>Asistencia del 67% a los encuentros sincrónicos.</li>
<!-- /wp:list-item -->

<!-- wp:list-item -->
<li>La presentación y aprobación del trabajo final integrado</li>
<!-- /wp:list-item --></ul>
<!-- /wp:list -->","<p style=""font-family: Roboto, sans-serif;font-size: 16.96px"">FLACSO ofrece financiación flexible, el monto de las cuotas puede variar dependiendo de las promociones que haya aprovechado, o el plan de pagos que se coordine con la Institución. Todos los posgrados pueden abonarse en cuotas, siguiendo un plan mensual de pagos que acompañan la cursada. No obstante, es posible extender los planes de pago en forma flexible, con valores de cuota a su alcance.</p><p style=""font-family: Roboto, sans-serif;font-size: 16.96px"">Quienes cursen desde fuera de Uruguay pueden pagar de forma segura a través de la plataforma de pago de la institución, mientras las personas que cursan en el país, disponen de otras vías para pagar.</p><p style=""margin-bottom: 0px;font-family: Roboto, sans-serif;font-size: 16.96px"">Las becas para cursar en FLACSO Uruguay están sujetas a convenios inter institucionales y son limitadas por cohorte. Para obtener más información sobre las posibles becas disponibles puede comunicarse con la asistente académica.</p>",
24173,"Diploma en Infancias, Derechos y Políticas Públicas","<!-- wp:paragraph -->
<p>Cursada virtual con instancias sincrónicas.</p>
<!-- /wp:paragraph -->

<!-- wp:paragraph -->
<p>Cada seminario propone de forma semanal: clases escritas, lecturas obligatorias y complementarias y materiales en formatos diversos: contenidos audiovisuales, documentales, entre otros.</p>
<!-- /wp:paragraph -->

<!-- wp:paragraph -->
<p>El equipo docente brinda, semanalmente, una conferencia en formato clase con propuesta de intercambio por Streaming los miércoles a las 18:30, hr de Uy</p>
<!-- /wp:paragraph -->",Virtual con clases sincrónicas vía Zoom,"<!-- wp:paragraph -->
<p><strong>13 Semanas</strong>, 208 horas de trabajo académico</p>
<!-- /wp:paragraph -->",3,"<!-- wp:heading {""level"":4} -->
<h4 class=""wp-block-heading"">Objetivo general</h4>
<!-- /wp:heading -->

<!-- wp:paragraph -->
<p>Problematizar los conocimientos teóricos sobre la CDN al contrastarlo con la realidad de las políticas públicas de infancia en Latinoamérica y algunos de los problemas más acuciantes a atender en la vulneración de derechos.</p>
<!-- /wp:paragraph -->

<!-- wp:heading {""level"":4} -->
<h4 class=""wp-block-heading"">Objetivos específicos</h4>
<!-- /wp:heading -->

<!-- wp:list -->
<ul class=""wp-block-list""><!-- wp:list-item -->
<li>Contextualizar experiencias regionales sobre promoción y protección de derechos de niños, niñas y adolescentes en la región.</li>
<!-- /wp:list-item -->

<!-- wp:list-item -->
<li>Reflexionar sobre diversas formas de vulneración de los derechos de niñas y adolescentes en la región.</li>
<!-- /wp:list-item -->

<!-- wp:list-item -->
<li>Adquirir herramientas teórico/metodológicas para los procesos de investigación social en materia de infancia y adolescencia</li>
<!-- /wp:list-item --></ul>
<!-- /wp:list -->","<!-- wp:paragraph -->
<p>El programa de posgrado está dirigido a personas con formación terciaria de al menos cuatro años, residentes en Uruguay o en el exterior, con un interés en los estudios de infancias y adolescencias.</p>
<!-- /wp:paragraph -->

<!-- wp:paragraph -->
<p>Profesionales de diversas disciplinas, con interés en comprender y abordar las estructuras de desigualdad desde una perspectiva alineada a la CDN.</p>
<!-- /wp:paragraph -->

<!-- wp:paragraph -->
<p>La experiencia previa en áreas relacionadas es deseable pero no excluyente.</p>
<!-- /wp:paragraph -->","<!-- wp:paragraph -->
<p>Las personas interesadas deben completar el formulario de preinscripción, y añadir los siguientes documentos:<br></p>
<!-- /wp:paragraph -->

<!-- wp:list -->
<ul class=""wp-block-list""><!-- wp:list-item -->
<li>Documento de identidad (escaneado)</li>
<!-- /wp:list-item -->

<!-- wp:list-item -->
<li>Carta de expresión de motivos para realizar la cursada (máximo 2 carillas)</li>
<!-- /wp:list-item -->

<!-- wp:list-item -->
<li>Título de grado (escaneado). Si no lo tiene, pregunte por opciones a la asistente académica.</li>
<!-- /wp:list-item -->

<!-- wp:list-item -->
<li>Breve currículum vitae (máximo 2 carillas)</li>
<!-- /wp:list-item -->

<!-- wp:list-item -->
<li>Realizar el pago de la matrícula</li>
<!-- /wp:list-item -->

<!-- wp:list-item -->
<li>Ser admitida/o/e por el Comité Académico Asesor</li>
<!-- /wp:list-item --></ul>
<!-- /wp:list -->","<!-- wp:paragraph -->
<p>Las personas egresadas del Diploma en Infancias, Derechos y Políticas Públicas tendrán una formación integral para llevar a cabo actividades de promoción, protección y restitución de derechos de niños, niñas y adolescentes. A su vez, podrá articular y potenciar la producción de conocimientos teórico-prácticos con las herramientas metodológicas necesarias para realizar estudios en relación a las políticas públicas sobre derechos de infancia.</p>
<!-- /wp:paragraph -->","<!-- wp:paragraph -->
<p>Las personas egresadas del Diploma reciben un título de posgrado:</p>
<!-- /wp:paragraph -->

<!-- wp:paragraph -->
<p><strong>DIPLOMA EN INFANCIAS, DERECHOS Y POLÍTICAS PÚBLICAS.</strong></p>
<!-- /wp:paragraph -->","<!-- wp:paragraph -->
<p>La aprobación del Diploma requiere asistir al menos al 80% de las propuestas sincrónicas, entregar la totalidad de las consignas propuestas y obtener un promedio general entre 7 y 10.</p>
<!-- /wp:paragraph -->","<p style=""font-family: Roboto, sans-serif;font-size: 16.96px"">FLACSO ofrece financiación flexible, el monto de las cuotas puede variar dependiendo de las promociones que haya aprovechado, o el plan de pagos que se coordine con la Institución. Todos los posgrados pueden abonarse en cuotas, siguiendo un plan mensual de pagos que acompañan la cursada. No obstante, es posible extender los planes de pago en forma flexible, con valores de cuota a su alcance.</p><p style=""font-family: Roboto, sans-serif;font-size: 16.96px"">Quienes cursen desde fuera de Uruguay pueden pagar de forma segura a través de la plataforma de pago de la institución, mientras las personas que cursan en el país, disponen de otras vías para pagar.</p><p style=""margin-bottom: 0px;font-family: Roboto, sans-serif;font-size: 16.96px"">Las becas para cursar en FLACSO Uruguay están sujetas a convenios inter institucionales y son limitadas por cohorte. Para obtener más información sobre las posibles becas disponibles puede comunicarse con la asistente académica.</p>",
24174,"Diploma en Salud Mental, Subjetividad y Trabajo","<!-- wp:paragraph -->
<p><b>Virtual, con clases sincrónicas y asincrónicas.</b></p>
<!-- /wp:paragraph -->

<!-- wp:paragraph -->
<p><strong>Cursada:</strong>&nbsp;12/8/2026 al 12/12/2026</p>
<!-- /wp:paragraph -->

<!-- wp:paragraph -->
<p><strong>Horario:</strong> de agosto a septiembre, <strong>miércoles de 19:00 a 21:30</strong>; de septiembre a diciembre, <strong>sábados de 10:00 a 12:30</strong>&nbsp;horario de Montevideo.</p>
<!-- /wp:paragraph -->

<!-- wp:paragraph -->
<p><strong>Créditos:</strong> 200 horas = 12 créditos.</p>
<!-- /wp:paragraph -->",Virtual con clases sincrónicas vía Zoom,"<!-- wp:paragraph -->
<p>4 meses, carga horaria: 192 horas&nbsp;(virtuales, sincrónicas, independientes de estudio).<br>Cantidad de créditos: 12</p>
<!-- /wp:paragraph -->",4,"<!-- wp:paragraph -->
<p><strong>Objetivos generales</strong></p>
<!-- /wp:paragraph -->

<!-- wp:list -->
<ul class=""wp-block-list""><!-- wp:list-item -->
<li>Analizar los principales nudos problemáticos que atraviesan el campo de la salud, la salud mental y la subjetividad en relación con el trabajo</li>
<!-- /wp:list-item -->

<!-- wp:list-item -->
<li>Analizar los impactos que las nuevas modalidades de organización del trabajo poseen sobre los procesos de salud- enfermedad de individuos y colectivos</li>
<!-- /wp:list-item --></ul>
<!-- /wp:list -->

<!-- wp:paragraph -->
<p><strong>Objetivos específicos</strong></p>
<!-- /wp:paragraph -->

<!-- wp:list -->
<ul class=""wp-block-list""><!-- wp:list-item -->
<li>Presentar las principales transformaciones de los procesos y organizaciones de trabajo en el marco del capitalismo neoliberal contemporáneo.</li>
<!-- /wp:list-item -->

<!-- wp:list-item -->
<li>Analizar el panorama epidemiológico de la salud de los/las trabajadoras, así como las características que asumen los procesos de salud-enfermedad y los nuevos perfiles de riesgo en relación con distintos mundos del trabajo.</li>
<!-- /wp:list-item -->

<!-- wp:list-item -->
<li>Presentar las problemáticas vinculadas con el estrés, el&nbsp;<em>burnout</em>, y las violencias relacionadas con el trabajo.</li>
<!-- /wp:list-item -->

<!-- wp:list-item -->
<li>Presentar algunos nudos conceptuales relativos a la&nbsp;división social y sexual del trabajo a fin de analizar&nbsp;las relaciones entre vulnerabilidad de género /<ins>&nbsp;</ins>vulnerabilidad social / subalternidad laboral, e imbricaciones entre trabajo, clase, raza/etnia y género.</li>
<!-- /wp:list-item -->

<!-- wp:list-item -->
<li>Presentar las problemáticas que plantea el trabajo de cuidado.&nbsp;</li>
<!-- /wp:list-item -->

<!-- wp:list-item -->
<li>Analizar el impacto de la precariedad del trabajo y del empleo, los despidos masivos y&nbsp; el desempleo en la salud y la subjetividad de las y los individuos y los colectivos.</li>
<!-- /wp:list-item --></ul>
<!-- /wp:list -->","<!-- wp:paragraph -->
<p>El Diploma de dirige a graduados/as universitarios –&nbsp; profesionales , personal encargado de gestión organizacional en organizaciones públicas o privadas, investigadores/as, etc.,&nbsp; que se desempeñen en algún área vinculada con la salud, la salud mental, el trabajo comunitario, la clínica psicológica o médica, la epidemiología, la ergonomía, la terapia ocupacional, etc. El curso puede ser asimismo de interés para quienes se desempeñan en el área de la gestión organizacional y los procesos de trabajo, así como para diversas profesiones vinculadas con las ciencias sociales que estén en relación con el empleo,&nbsp; los procesos de trabajo y la gestión de las personas,&nbsp;así como para dirigentes sindicales y sociales.</p>
<!-- /wp:paragraph -->","<!-- wp:paragraph -->
<p>Completar el formulario de preinscripción en el que se solicitará</p>
<!-- /wp:paragraph -->

<!-- wp:list -->
<ul class=""wp-block-list""><!-- wp:list-item -->
<li>CV resumido</li>
<!-- /wp:list-item -->

<!-- wp:list-item -->
<li>Documento de identidad escaneado</li>
<!-- /wp:list-item -->

<!-- wp:list-item -->
<li>Título de grado escaneado</li>
<!-- /wp:list-item --></ul>
<!-- /wp:list -->","<!-- wp:paragraph -->
<p>Las y los egresados desarrollarán conocimientos teórico- metodológicos relativos a&nbsp; las problemáticas del trabajo y su impacto en&nbsp; la salud/salud mental y la subjetividad, al tiempo que adquirirán herramientas para el análisis de situaciones vinculadas con las condiciones y medioambiente de trabajo, la gestión organizacional, y las principales patologías vinculadas con el impacto en la salud/salud mental y la subjetividad. Estas herramientas permitirán obtener nuevas habilidades y perspectivas para llevar a cabo sus prácticas profesionales, y/o para gestionar e intervenir ante situaciones de trabajo específicas.</p>
<!-- /wp:paragraph -->","<!-- wp:paragraph -->
<p>Los egresados recibirán título de&nbsp;</p><p><ul><li><b>Diploma en SALUD MENTAL, SUBJETIVIDAD Y TRABAJO</b></li></ul></p>
<!-- /wp:paragraph -->","<ul><li>Presentación de trabajos prácticos y de un trabajo final de aprobación del diploma. </li><li>Asistencia al 80% de las clases.</li></ul><p></p>
<!-- /wp:paragraph -->","<p style=""font-family: Roboto, sans-serif;font-size: 16.96px"">FLACSO ofrece financiación flexible, el monto de las cuotas puede variar dependiendo de las promociones que haya aprovechado, o el plan de pagos que se coordine con la Institución. Todos los posgrados pueden abonarse en cuotas, siguiendo un plan mensual de pagos que acompañan la cursada. No obstante, es posible extender los planes de pago en forma flexible, con valores de cuota a su alcance.</p><p style=""font-family: Roboto, sans-serif;font-size: 16.96px"">Quienes cursen desde fuera de Uruguay pueden pagar de forma segura a través de la plataforma de pago de la institución, mientras las personas que cursan en el país, disponen de otras vías para pagar.</p><p style=""margin-bottom: 0px;font-family: Roboto, sans-serif;font-size: 16.96px"">Las becas para cursar en FLACSO Uruguay están sujetas a convenios inter institucionales y son limitadas por cohorte. Para obtener más información sobre las posibles becas disponibles puede comunicarse con la asistente académica.</p>",
26595,Diploma en Conservación Preventiva y Primeras Intervenciones para Documentos Históricos,"<p>
<b>Semipresencial</b>: encuentros virtuales semanales y <b>prácticas presenciales en el Archivo Luis Morquio</b> (IIN-OEA), custodiado por FLACSO Uruguay (trabajo asincrónico, encuentros sincrónicos y talleres presenciales)</p>
<p>Cada seminario propone de forma semanal: clases escritas, lecturas obligatorias y complementarias y
materiales en formatos diversos: contenidos audiovisuales, documentales, entre otros. También, el equipo
docente brinda, semanalmente, una conferencia en formato clase con propuesta de intercambio por
streaming.<br><br></p><p><b>Encuentros sincrónicos por Zoom</b>: se realizan los lunes a las <b>18:00 h</b>, hora de Uruguay, según el calendario de cursada. El primer encuentro será el <b>miércoles 26 de agosto</b>, de <b>18:00 a 20:00 h</b>.</p><p><b>Instancias presenciales de asistencia obligatoria</b>:</p><ul><li><b>Sábado 10 de octubre</b>, de <b>9:00 a 13:00 h</b>: taller presencial.</li><li><b>Sábado 31 de octubre</b>, de <b>9:00 a 13:00 h</b>: taller presencial.</li><li><b>Sábado 28 de noviembre</b>, de <b>9:00 a 13:00 h</b>: taller presencial.</li></ul><p><b>Entrega de trabajo final</b>: lunes <b>14 de diciembre</b>.</p>",Semipresencial,"<p><b>Duración</b>: 4 meses.</p>
<p><b>Créditos</b>: 12</p>
<p><b>Semanas</b>: 16</p>
<p><b>Horas de trabajo académico</b>: 192</p>

<p><br></p>",4,"<ul>
 	<li style=""margin-left: 15px"">Brindar conocimientos teóricos y técnicos sobre materiales, patologías y técnicas de intervención en documentos históricos de obra plana.</li>
 	<li style=""margin-left: 15px"">Capacitar en la identificación y diagnóstico de deterioros y en los criterios para la implementación de medidas de conservación preventiva.</li>
 	<li style=""margin-left: 15px"">Promover criterios éticos vinculados a la intervención mínima, la toma de decisiones y la aplicación de protocolos estandarizados para la preservación de la integridad del patrimonio documental.</li>
 	<li style=""margin-left: 15px"">Desarrollar capacidades prácticas para la realización de primeras intervenciones y el dominio de técnicas de estabilización no acuosa mediante talleres presenciales.</li>
</ul>","<b>Títulos requeridos </b>: archivología, bibliotecología, Licenciatura en Historia, conservación-restauración o carreras afines o personal con experiencia profesional acreditada con habilidad manual y destreza en prácticas de restauración/archivo que equipare la formación universitaria.","<span style=""font-size: 15.2px"">Documentación requerida: CV, copia de título o constancia de experiencia (mín. 5 años), carta de motivación (1 página).</span>

<span style=""font-size: 15.2px"">Nivel: Doble titulación: 1-Diploma de posgrado para quienes tienen curso aprobado de grado, en cualquiera de las áreas establecidas. 2- Certificado de aprobación para quienes, acreditando experiencia no posean título de grado  (destinado a profesionales en ejercicio o recién egresados con práctica).</span>","<span style=""font-size: 15.2px"">La persona egresada del Diploma en Conservación Preventiva y Primeras Intervenciones para Documentos Históricos será capaz de identificar, diagnosticar y documentar el estado de conservación de documentos históricos en soporte papel, diseñar e implementar medidas de conservación preventiva, aplicar técnicas básicas de estabilización e intervenciones de bajo riesgo conforme a criterios éticos y estándares internacionales, así como elaborar propuestas fundamentadas de tratamiento y gestión de colecciones documentales, contribuyendo a la preservación y accesibilidad del patrimonio documental en archivos, bibliotecas, museos y otras instituciones custodias</span>","<ol>
 	<li>Diploma de posgrado para quienes tienen curso aprobado de grado, en cualquiera de las áreas establecidas.</li>
 	<li>Certificado de aprobación para quienes, acreditando experiencia no posean título de grado  (destinado a profesionales en ejercicio o recién egresados con práctica).</li>
</ol>","<span style=""font-size: 15.2px"">Para obtener el Diploma de Posgrado en Conservación Preventiva y Primeras Intervenciones para Documentos Históricos, las y los participantes deberán cumplir con una asistencia mínima del 80% a las actividades sincrónicas y del 100% a los talleres presenciales obligatorios, aprobar las evaluaciones correspondientes a cada módulo, presentar y aprobar el proyecto final integrador, y alcanzar una calificación final igual o superior al 70% del total de las actividades evaluadas. Los participantes que no posean título universitario de grado, pero hayan sido admitidos por trayectoria profesional acreditada, recibirán un Certificado de Aprobación, sujeto al cumplimiento de los mismos requisitos académicos.</span>","<p style=""font-family: Roboto, sans-serif;font-size: 16.96px"">FLACSO ofrece financiación flexible, el monto de las cuotas puede variar dependiendo de las promociones que haya aprovechado, o el plan de pagos que se coordine con la Institución. Todos los posgrados pueden abonarse en cuotas, siguiendo un plan mensual de pagos que acompañan la cursada. No obstante, es posible extender los planes de pago en forma flexible, con valores de cuota a su alcance.</p><p style=""font-family: Roboto, sans-serif;font-size: 16.96px"">Quienes cursen desde fuera de Uruguay pueden pagar de forma segura a través de la plataforma de pago de la institución, mientras las personas que cursan en el país, disponen de otras vías para pagar.</p><p style=""margin-bottom: 0px;font-family: Roboto, sans-serif;font-size: 16.96px"">Las becas para cursar en FLACSO Uruguay están sujetas a convenios inter institucionales y son limitadas por cohorte. Para obtener más información sobre las posibles becas disponibles puede comunicarse con la asistente académica.</p>",
